Data;Vendite prodotti ordinati;Vendite di prodotti ordinati - B2B;Totale prodotti ordinati;Tot. articoli ordinati - B2B;Prezzo medio di vendita;Prezzo medio di vendita - B2B;Visualizzazioni pagina;Sessioni;Percentuale Buy Box;Conteggio medio delle offerte
27/05/2017;€ 0,00;€ 0,00;0;0;€ 0,00;€ 0,00;0;0;0%;0
28/05/2017;€ 0,00;€ 0,00;0;0;€ 0,00;€ 0,00;0;0;0%;0
29/05/2017;€ 0,00;€ 0,00;0;0;€ 0,00;€ 0,00;0;0;0%;0
30/05/2017;€ 0,00;€ 0,00;0;0;€ 0,00;€ 0,00;0;0;0%;0
31/05/2017;€ 0,00;€ 0,00;0;0;€ 0,00;€ 0,00;0;0;0%;0
01/06/2017;€ 0,00;€ 0,00;0;0;€ 0,00;€ 0,00;0;0;0%;0
02/06/2017;€ 0,00;€ 0,00;0;0;€ 0,00;€ 0,00;0;0;0%;0
03/06/2017;€ 65,70;€ 0,00;3;0;€ 21,90;€ 0,00;34;10;53%;5
04/06/2017;€ 43,80;€ 0,00;2;0;€ 21,90;€ 0,00;17;7;59%;5
05/06/2017;€ 43,80;€ 0,00;2;0;€ 21,90;€ 0,00;19;10;58%;5
06/06/2017;€ 65,70;€ 0,00;3;0;€ 21,90;€ 0,00;10;7;30%;5
07/06/2017;€ 21,90;€ 0,00;1;0;€ 21,90;€ 0,00;10;6;30%;5
08/06/2017;€ 21,90;€ 0,00;1;0;€ 21,90;€ 0,00;11;10;45%;5
09/06/2017;€ 21,90;€ 0,00;1;0;€ 21,90;€ 0,00;56;18;61%;5
10/06/2017;€ 65,70;€ 0,00;3;0;€ 21,90;€ 0,00;39;14;51%;5
11/06/2017;€ 43,80;€ 0,00;2;0;€ 21,90;€ 0,00;48;16;48%;5
12/06/2017;€ 87,60;€ 0,00;4;0;€ 21,90;€ 0,00;36;14;58%;5
13/06/2017;€ 21,90;€ 0,00;1;0;€ 21,90;€ 0,00;76;26;45%;5
14/06/2017;€ 0,00;€ 0,00;0;0;€ 0,00;€ 0,00;29;17;10%;5
15/06/2017;€ 37,98;€ 0,00;2;0;€ 18,99;€ 0,00;13;11;23%;5
16/06/2017;€ 0,00;€ 0,00;0;0;€ 0,00;€ 0,00;13;11;8%;5
17/06/2017;€ 0,00;€ 0,00;0;0;€ 0,00;€ 0,00;26;20;38%;5
18/06/2017;€ 56,97;€ 0,00;3;0;€ 18,99;€ 0,00;58;34;48%;5
19/06/2017;€ 56,97;€ 0,00;3;0;€ 18,99;€ 0,00;27;20;30%;5
20/06/2017;€ 75,96;€ 0,00;4;0;€ 18,99;€ 0,00;41;26;44%;5
21/06/2017;€ 37,98;€ 0,00;2;0;€ 18,99;€ 0,00;33;19;52%;5
22/06/2017;€ 75,96;€ 0,00;4;0;€ 18,99;€ 0,00;42;31;50%;5
23/06/2017;€ 37,98;€ 0,00;2;0;€ 18,99;€ 0,00;21;17;43%;5
24/06/2017;€ 37,98;€ 0,00;2;0;€ 18,99;€ 0,00;38;26;53%;5
25/06/2017;€ 94,95;€ 0,00;5;0;€ 18,99;€ 0,00;63;40;37%;5
26/06/2017;€ 37,98;€ 0,00;2;0;€ 18,99;€ 0,00;42;31;50%;5
27/06/2017;€ 19,99;€ 0,00;1;0;€ 19,99;€ 0,00;32;24;19%;5
28/06/2017;€ 39,98;€ 0,00;2;0;€ 19,99;€ 0,00;39;30;56%;5
29/06/2017;€ 19,99;€ 0,00;1;0;€ 19,99;€ 0,00;21;16;24%;5
30/06/2017;€ 99,95;€ 0,00;5;0;€ 19,99;€ 0,00;38;26;53%;5
01/07/2017;€ 41,98;€ 0,00;2;0;€ 20,99;€ 0,00;68;29;29%;5
02/07/2017;€ 0,00;€ 0,00;0;0;€ 0,00;€ 0,00;19;15;47%;5
03/07/2017;€ 62,97;€ 0,00;3;0;€ 20,99;€ 0,00;37;26;54%;5
04/07/2017;€ 20,99;€ 0,00;1;0;€ 20,99;€ 0,00;24;19;33%;5
05/07/2017;€ 62,97;€ 0,00;3;0;€ 20,99;€ 0,00;20;15;40%;5
06/07/2017;€ 41,98;€ 0,00;2;0;€ 20,99;€ 0,00;32;23;41%;5
07/07/2017;€ 104,95;€ 0,00;5;0;€ 20,99;€ 0,00;31;23;29%;5
08/07/2017;€ 20,99;€ 0,00;1;0;€ 20,99;€ 0,00;31;22;39%;5
09/07/2017;€ 104,95;€ 0,00;5;0;€ 20,99;€ 0,00;48;28;54%;5
10/07/2017;€ 62,97;€ 0,00;3;0;€ 20,99;€ 0,00;56;33;43%;5
11/07/2017;€ 62,97;€ 0,00;3;0;€ 20,99;€ 0,00;54;39;37%;5
12/07/2017;€ 83,96;€ 0,00;4;0;€ 20,99;€ 0,00;39;27;31%;5
13/07/2017;€ 41,98;€ 0,00;2;0;€ 20,99;€ 0,00;38;22;21%;5
14/07/2017;€ 0,00;€ 0,00;0;0;€ 0,00;€ 0,00;30;19;27%;5
15/07/2017;€ 104,95;€ 0,00;5;0;€ 20,99;€ 0,00;41;28;22%;5
16/07/2017;€ 104,95;€ 0,00;5;0;€ 20,99;€ 0,00;44;28;36%;5
17/07/2017;€ 84,96;€ 0,00;4;0;€ 21,24;€ 0,00;31;22;42%;5
18/07/2017;€ 104,95;€ 0,00;5;0;€ 20,99;€ 0,00;53;35;26%;5
19/07/2017;€ 0,00;€ 0,00;0;0;€ 0,00;€ 0,00;84;34;42%;5
20/07/2017;€ 41,98;€ 0,00;2;0;€ 20,99;€ 0,00;69;31;30%;5
21/07/2017;€ 63,97;€ 0,00;3;0;€ 21,32;€ 0,00;39;30;51%;5
22/07/2017;€ 0,00;€ 0,00;0;0;€ 0,00;€ 0,00;33;25;42%;5
23/07/2017;€ 0,00;€ 0,00;0;0;€ 0,00;€ 0,00;56;35;38%;5
24/07/2017;€ 42,98;€ 0,00;2;0;€ 21,49;€ 0,00;53;27;30%;5
25/07/2017;€ 21,99;€ 0,00;1;0;€ 21,99;€ 0,00;17;17;24%;5
26/07/2017;€ 20,99;€ 0,00;1;0;€ 20,99;€ 0,00;40;25;45%;5
27/07/2017;€ 41,98;€ 0,00;2;0;€ 20,99;€ 0,00;21;13;43%;5
28/07/2017;€ 64,97;€ 0,00;3;0;€ 21,66;€ 0,00;27;21;33%;5
29/07/2017;€ 21,99;€ 0,00;1;0;€ 21,99;€ 0,00;41;25;51%;5
30/07/2017;€ 45,98;€ 0,00;2;0;€ 22,99;€ 0,00;33;16;45%;5
31/07/2017;€ 64,97;€ 0,00;3;0;€ 21,66;€ 0,00;38;24;29%;5
01/08/2017;€ 115,95;€ 0,00;4;0;€ 23,19;€ 0,00;63;28;56%;5
02/08/2017;€ 0,00;€ 0,00;0;0;€ 0,00;€ 0,00;71;17;21%;5
03/08/2017;€ 63,97;€ 0,00;3;0;€ 21,32;€ 0,00;27;20;52%;5
04/08/2017;€ 0,00;€ 0,00;0;0;€ 0,00;€ 0,00;18;13;50%;5
05/08/2017;€ 23,99;€ 0,00;1;0;€ 23,99;€ 0,00;42;25;50%;5
06/08/2017;€ 21,99;€ 0,00;1;0;€ 21,99;€ 0,00;20;15;15%;4
07/08/2017;€ 21,99;€ 0,00;1;0;€ 21,99;€ 0,00;20;16;35%;4
08/08/2017;€ 22,99;€ 0,00;1;0;€ 22,99;€ 0,00;12;9;42%;5
09/08/2017;€ 20,99;€ 0,00;1;0;€ 20,99;€ 0,00;22;15;41%;5
10/08/2017;€ 20,99;€ 0,00;1;0;€ 20,99;€ 0,00;7;7;57%;5
11/08/2017;€ 63,97;€ 0,00;3;0;€ 21,32;€ 0,00;32;18;31%;5
12/08/2017;€ 20,99;€ 0,00;1;0;€ 20,99;€ 0,00;23;21;43%;5
13/08/2017;€ 63,98;€ 0,00;2;0;€ 31,99;€ 0,00;58;25;64%;5
14/08/2017;€ 82,97;€ 0,00;3;0;€ 27,66;€ 0,00;91;39;62%;6
15/08/2017;€ 80,97;€ 0,00;3;0;€ 26,99;€ 0,00;34;25;41%;6
16/08/2017;€ 41,98;€ 0,00;2;0;€ 20,99;€ 0,00;34;20;50%;6
17/08/2017;€ 0,00;€ 0,00;0;0;€ 0,00;€ 0,00;31;19;68%;6
18/08/2017;€ 96,96;€ 0,00;4;0;€ 24,24;€ 0,00;47;33;57%;6
19/08/2017;€ 41,98;€ 0,00;2;0;€ 20,99;€ 0,00;41;32;59%;6
20/08/2017;€ 20,99;€ 0,00;1;0;€ 20,99;€ 0,00;54;43;78%;6
21/08/2017;€ 113,95;€ 0,00;5;0;€ 22,79;€ 0,00;80;40;68%;6
22/08/2017;€ 71,97;€ 0,00;3;0;€ 23,99;€ 0,00;89;52;69%;5
23/08/2017;€ 29,99;€ 0,00;1;0;€ 29,99;€ 0,00;42;35;71%;5
24/08/2017;€ 92,96;€ 0,00;4;0;€ 23,24;€ 0,00;51;27;61%;5
25/08/2017;€ 101,96;€ 0,00;4;0;€ 25,49;€ 0,00;55;37;75%;5
26/08/2017;€ 0,00;€ 0,00;0;0;€ 0,00;€ 0,00;60;46;73%;5
27/08/2017;€ 62,97;€ 0,00;3;0;€ 20,99;€ 0,00;47;38;72%;5
28/08/2017;€ 20,99;€ 0,00;1;0;€ 20,99;€ 0,00;43;36;72%;5
29/08/2017;€ 62,97;€ 0,00;3;0;€ 20,99;€ 0,00;57;43;61%;6
30/08/2017;€ 41,98;€ 0,00;2;0;€ 20,99;€ 0,00;36;29;69%;5
31/08/2017;€ 71,97;€ 0,00;3;0;€ 23,99;€ 0,00;37;30;68%;5
01/09/2017;€ 41,98;€ 0,00;2;0;€ 20,99;€ 0,00;63;41;67%;5
02/09/2017;€ 41,98;€ 0,00;2;0;€ 20,99;€ 0,00;64;47;64%;4
03/09/2017;€ 131,95;€ 0,00;3;0;€ 26,39;€ 0,00;62;42;65%;4
04/09/2017;€ 83,96;€ 0,00;4;0;€ 20,99;€ 0,00;79;56;62%;4
05/09/2017;€ 20,99;€ 0,00;1;0;€ 20,99;€ 0,00;74;49;57%;4
06/09/2017;€ 0,00;€ 0,00;0;0;€ 0,00;€ 0,00;43;34;63%;4
07/09/2017;€ 0,00;€ 0,00;0;0;€ 0,00;€ 0,00;32;22;53%;6
08/09/2017;€ 113,95;€ 0,00;5;0;€ 22,79;€ 0,00;73;56;44%;7
09/09/2017;€ 104,95;€ 0,00;5;0;€ 20,99;€ 0,00;75;52;64%;7
10/09/2017;€ 71,97;€ 0,00;3;0;€ 23,99;€ 0,00;39;29;44%;7
11/09/2017;€ 311,86;€ 0,00;13;0;€ 22,28;€ 0,00;101;65;58%;7
12/09/2017;€ 0,00;€ 0,00;0;0;€ 0,00;€ 0,00;55;41;58%;7
13/09/2017;€ 83,96;€ 0,00;4;0;€ 20,99;€ 0,00;38;32;61%;7
14/09/2017;€ 122,95;€ 20,99;4;1;€ 24,59;€ 20,99;37;31;62%;7
15/09/2017;€ 62,97;€ 0,00;3;0;€ 20,99;€ 0,00;67;53;66%;7
16/09/2017;€ 167,92;€ 0,00;7;0;€ 20,99;€ 0,00;86;57;50%;7
17/09/2017;€ 134,94;€ 0,00;6;0;€ 22,49;€ 0,00;87;57;53%;7
18/09/2017;€ 83,96;€ 0,00;4;0;€ 20,99;€ 0,00;96;60;65%;7
19/09/2017;€ 41,98;€ 0,00;2;0;€ 20,99;€ 0,00;61;42;56%;7
20/09/2017;€ 134,94;€ 0,00;6;0;€ 22,49;€ 0,00;58;47;69%;7
21/09/2017;€ 125,94;€ 0,00;6;0;€ 20,99;€ 0,00;46;34;70%;7
22/09/2017;€ 62,97;€ 0,00;3;0;€ 20,99;€ 0,00;49;40;55%;7
23/09/2017;€ 41,98;€ 0,00;2;0;€ 20,99;€ 0,00;46;36;63%;7
24/09/2017;€ 83,96;€ 0,00;4;0;€ 20,99;€ 0,00;61;50;51%;7
25/09/2017;€ 41,98;€ 0,00;2;0;€ 20,99;€ 0,00;66;50;65%;7
26/09/2017;€ 62,97;€ 0,00;3;0;€ 20,99;€ 0,00;64;46;64%;7
27/09/2017;€ 92,96;€ 0,00;4;0;€ 23,24;€ 0,00;30;19;73%;7
28/09/2017;€ 62,97;€ 0,00;3;0;€ 20,99;€ 0,00;48;39;73%;7
29/09/2017;€ 41,98;€ 0,00;2;0;€ 20,99;€ 0,00;69;50;49%;7
30/09/2017;€ 146,93;€ 0,00;7;0;€ 20,99;€ 0,00;82;56;54%;7
01/10/2017;€ 65,97;€ 0,00;3;0;€ 21,99;€ 0,00;81;53;56%;7
02/10/2017;€ 263,88;€ 0,00;12;0;€ 21,99;€ 0,00;96;73;68%;7
03/10/2017;€ 65,97;€ 0,00;3;0;€ 21,99;€ 0,00;74;53;65%;7
04/10/2017;€ 51,98;€ 0,00;2;0;€ 25,99;€ 0,00;54;37;69%;7
05/10/2017;€ 95,96;€ 0,00;4;0;€ 23,99;€ 0,00;56;34;39%;7
06/10/2017;€ 131,94;€ 0,00;6;0;€ 21,99;€ 0,00;70;54;56%;7
07/10/2017;€ 131,94;€ 0,00;6;0;€ 21,99;€ 0,00;71;49;54%;7
08/10/2017;€ 213,91;€ 0,00;8;0;€ 23,77;€ 0,00;80;62;74%;7
09/10/2017;€ 213,91;€ 0,00;8;0;€ 23,77;€ 0,00;96;63;75%;7
10/10/2017;€ 131,94;€ 0,00;6;0;€ 21,99;€ 0,00;71;47;82%;7
11/10/2017;€ 214,91;€ 0,00;8;0;€ 23,88;€ 0,00;65;40;77%;7
12/10/2017;€ 95,96;€ 0,00;4;0;€ 23,99;€ 0,00;43;38;65%;7
13/10/2017;€ 110,95;€ 0,00;5;0;€ 22,19;€ 0,00;80;57;81%;7
14/10/2017;€ 117,95;€ 21,99;5;1;€ 23,59;€ 21,99;86;60;77%;7
15/10/2017;€ 87,96;€ 0,00;4;0;€ 21,99;€ 0,00;109;71;76%;7
16/10/2017;€ 21,99;€ 0,00;1;0;€ 21,99;€ 0,00;77;53;74%;7
17/10/2017;€ 50,98;€ 0,00;2;0;€ 25,49;€ 0,00;57;45;74%;7
18/10/2017;€ 145,94;€ 0,00;4;0;€ 24,32;€ 0,00;65;44;65%;7
19/10/2017;€ 20,99;€ 0,00;1;0;€ 20,99;€ 0,00;68;50;81%;7
20/10/2017;€ 157,93;€ 21,99;7;1;€ 22,56;€ 21,99;86;60;87%;7
21/10/2017;€ 125,94;€ 0,00;6;0;€ 20,99;€ 0,00;76;60;80%;7
22/10/2017;€ 109,95;€ 0,00;5;0;€ 21,99;€ 0,00;72;57;69%;7
23/10/2017;€ 109,95;€ 0,00;5;0;€ 21,99;€ 0,00;89;64;67%;7
24/10/2017;€ 109,95;€ 0,00;5;0;€ 21,99;€ 0,00;52;42;69%;7
25/10/2017;€ 65,97;€ 0,00;3;0;€ 21,99;€ 0,00;55;41;75%;7
26/10/2017;€ 87,96;€ 0,00;4;0;€ 21,99;€ 0,00;76;49;63%;7
27/10/2017;€ 228,90;€ 0,00;7;0;€ 22,89;€ 0,00;99;65;76%;7
28/10/2017;€ 43,98;€ 0,00;2;0;€ 21,99;€ 0,00;71;48;69%;7
29/10/2017;€ 131,94;€ 0,00;6;0;€ 21,99;€ 0,00;53;45;77%;7
30/10/2017;€ 43,98;€ 21,99;2;1;€ 21,99;€ 21,99;79;54;73%;7
31/10/2017;€ 21,99;€ 0,00;1;0;€ 21,99;€ 0,00;52;40;71%;7
01/11/2017;€ 0,00;€ 0,00;0;0;€ 0,00;€ 0,00;59;39;64%;7
02/11/2017;€ 0,00;€ 0,00;0;0;€ 0,00;€ 0,00;60;45;80%;6
03/11/2017;€ 94,96;€ 0,00;4;0;€ 23,74;€ 0,00;69;52;75%;6
04/11/2017;€ 81,97;€ 0,00;3;0;€ 27,32;€ 0,00;52;40;71%;6
05/11/2017;€ 80,97;€ 0,00;2;0;€ 26,99;€ 0,00;46;40;74%;6
06/11/2017;€ 0,00;€ 0,00;0;0;€ 0,00;€ 0,00;56;48;77%;6
07/11/2017;€ 114,95;€ 0,00;5;0;€ 22,99;€ 0,00;72;53;58%;6
08/11/2017;€ 72,97;€ 0,00;3;0;€ 24,32;€ 0,00;49;38;63%;6
09/11/2017;€ 63,97;€ 0,00;3;0;€ 21,32;€ 0,00;50;42;60%;6
10/11/2017;€ 161,93;€ 0,00;7;0;€ 23,13;€ 0,00;92;59;60%;6
11/11/2017;€ 94,96;€ 0,00;4;0;€ 23,74;€ 0,00;91;68;64%;6
12/11/2017;€ 256,89;€ 0,00;10;0;€ 23,35;€ 0,00;87;63;48%;5
13/11/2017;€ 86,96;€ 0,00;4;0;€ 21,74;€ 0,00;98;70;59%;5
14/11/2017;€ 202,91;€ 0,00;9;0;€ 22,55;€ 0,00;77;52;57%;5
15/11/2017;€ 43,98;€ 0,00;2;0;€ 21,99;€ 0,00;57;43;54%;5
16/11/2017;€ 21,99;€ 0,00;1;0;€ 21,99;€ 0,00;96;59;61%;5
17/11/2017;€ 86,96;€ 0,00;4;0;€ 21,74;€ 0,00;117;82;53%;5
18/11/2017;€ 152,93;€ 0,00;7;0;€ 21,85;€ 0,00;89;64;53%;5
19/11/2017;€ 93,96;€ 0,00;4;0;€ 23,49;€ 0,00;100;77;63%;5
20/11/2017;€ 104,95;€ 0,00;5;0;€ 20,99;€ 0,00;96;70;53%;5
21/11/2017;€ 83,96;€ 0,00;4;0;€ 20,99;€ 0,00;79;59;59%;6
22/11/2017;€ 83,96;€ 0,00;4;0;€ 20,99;€ 0,00;86;65;49%;6
23/11/2017;€ 104,95;€ 0,00;5;0;€ 20,99;€ 0,00;121;91;55%;7
24/11/2017;€ 197,91;€ 0,00;9;0;€ 21,99;€ 0,00;133;103;49%;7
25/11/2017;€ 83,96;€ 0,00;4;0;€ 20,99;€ 0,00;156;115;54%;7
26/11/2017;€ 188,91;€ 0,00;9;0;€ 20,99;€ 0,00;100;74;67%;7
27/11/2017;€ 62,97;€ 0,00;3;0;€ 20,99;€ 0,00;83;61;49%;7
28/11/2017;€ 20,99;€ 0,00;1;0;€ 20,99;€ 0,00;93;71;65%;7
29/11/2017;€ 122,95;€ 0,00;5;0;€ 24,59;€ 0,00;64;50;66%;7
30/11/2017;€ 125,94;€ 0,00;6;0;€ 20,99;€ 0,00;79;56;62%;7
01/12/2017;€ 134,94;€ 20,99;6;1;€ 22,49;€ 20,99;105;76;60%;7
02/12/2017;€ 62,97;€ 0,00;3;0;€ 20,99;€ 0,00;97;71;63%;7
03/12/2017;€ 92,96;€ 0,00;4;0;€ 23,24;€ 0,00;78;51;54%;7
04/12/2017;€ 182,93;€ 0,00;4;0;€ 26,13;€ 0,00;75;59;57%;7
05/12/2017;€ 104,95;€ 0,00;5;0;€ 20,99;€ 0,00;72;53;67%;7
06/12/2017;€ 20,99;€ 0,00;1;0;€ 20,99;€ 0,00;64;48;70%;7
07/12/2017;€ 20,99;€ 0,00;1;0;€ 20,99;€ 0,00;57;47;63%;7
08/12/2017;€ 143,94;€ 20,99;5;1;€ 23,99;€ 20,99;63;53;67%;7
09/12/2017;€ 83,96;€ 0,00;4;0;€ 20,99;€ 0,00;86;68;63%;7
10/12/2017;€ 62,97;€ 0,00;3;0;€ 20,99;€ 0,00;54;47;56%;7
11/12/2017;€ 188,91;€ 0,00;9;0;€ 20,99;€ 0,00;68;49;71%;7
12/12/2017;€ 83,96;€ 0,00;4;0;€ 20,99;€ 0,00;60;55;55%;7
13/12/2017;€ 41,98;€ 0,00;2;0;€ 20,99;€ 0,00;53;44;70%;7
14/12/2017;€ 146,93;€ 0,00;7;0;€ 20,99;€ 0,00;69;50;49%;7
15/12/2017;€ 256,88;€ 0,00;12;0;€ 21,41;€ 0,00;110;73;63%;7
16/12/2017;€ 131,94;€ 0,00;6;0;€ 21,99;€ 0,00;78;60;62%;7
17/12/2017;€ 87,96;€ 0,00;4;0;€ 21,99;€ 0,00;73;52;52%;7
18/12/2017;€ 43,98;€ 0,00;2;0;€ 21,99;€ 0,00;51;40;55%;7
19/12/2017;€ 87,96;€ 0,00;4;0;€ 21,99;€ 0,00;72;48;53%;7
20/12/2017;€ 109,95;€ 0,00;5;0;€ 21,99;€ 0,00;28;26;64%;7
21/12/2017;€ 109,95;€ 0,00;5;0;€ 21,99;€ 0,00;37;33;54%;7
22/12/2017;€ 125,95;€ 0,00;4;0;€ 25,19;€ 0,00;57;43;56%;7
23/12/2017;€ 87,96;€ 0,00;4;0;€ 21,99;€ 0,00;41;35;44%;7
24/12/2017;€ 21,99;€ 0,00;1;0;€ 21,99;€ 0,00;44;22;82%;7
25/12/2017;€ 147,94;€ 0,00;5;0;€ 24,66;€ 0,00;78;48;64%;7
26/12/2017;€ 21,99;€ 0,00;1;0;€ 21,99;€ 0,00;81;49;58%;7
27/12/2017;€ 109,95;€ 0,00;5;0;€ 21,99;€ 0,00;82;55;54%;7
28/12/2017;€ 95,96;€ 0,00;4;0;€ 23,99;€ 0,00;99;52;72%;7
29/12/2017;€ 241,89;€ 0,00;11;0;€ 21,99;€ 0,00;99;72;61%;7
30/12/2017;€ 87,96;€ 0,00;4;0;€ 21,99;€ 0,00;69;50;57%;7
31/12/2017;€ 109,95;€ 0,00;5;0;€ 21,99;€ 0,00;34;28;76%;6
01/01/2018;€ 107,95;€ 0,00;5;0;€ 21,59;€ 0,00;76;52;64%;6
02/01/2018;€ 188,91;€ 0,00;9;0;€ 20,99;€ 0,00;122;78;61%;6
03/01/2018;€ 188,91;€ 0,00;9;0;€ 20,99;€ 0,00;66;50;65%;6
04/01/2018;€ 188,91;€ 0,00;9;0;€ 20,99;€ 0,00;111;78;66%;6
05/01/2018;€ 62,97;€ 0,00;3;0;€ 20,99;€ 0,00;103;67;69%;6
06/01/2018;€ 218,90;€ 0,00;10;0;€ 21,89;€ 0,00;95;72;55%;6
07/01/2018;€ 125,94;€ 0,00;6;0;€ 20,99;€ 0,00;127;93;64%;6
08/01/2018;€ 104,95;€ 0,00;5;0;€ 20,99;€ 0,00;118;85;67%;6
09/01/2018;€ 241,89;€ 21,99;11;1;€ 21,99;€ 21,99;102;65;69%;6
10/01/2018;€ 131,94;€ 0,00;6;0;€ 21,99;€ 0,00;61;52;64%;6
11/01/2018;€ 131,94;€ 0,00;6;0;€ 21,99;€ 0,00;85;57;46%;6
12/01/2018;€ 219,90;€ 0,00;10;0;€ 21,99;€ 0,00;105;75;60%;6
13/01/2018;€ 197,91;€ 0,00;8;0;€ 21,99;€ 0,00;101;69;49%;7
14/01/2018;€ 241,89;€ 0,00;11;0;€ 21,99;€ 0,00;107;73;58%;7
15/01/2018;€ 159,93;€ 0,00;7;0;€ 22,85;€ 0,00;67;45;57%;7
16/01/2018;€ 121,95;€ 0,00;5;0;€ 24,39;€ 0,00;77;58;38%;7
17/01/2018;€ 91,96;€ 0,00;4;0;€ 22,99;€ 0,00;58;38;59%;7
18/01/2018;€ 137,94;€ 0,00;6;0;€ 22,99;€ 0,00;49;40;71%;7
19/01/2018;€ 91,96;€ 0,00;3;0;€ 22,99;€ 0,00;86;61;51%;7
20/01/2018;€ 160,93;€ 0,00;7;0;€ 22,99;€ 0,00;99;67;62%;7
21/01/2018;€ 114,95;€ 0,00;5;0;€ 22,99;€ 0,00;87;64;45%;7
22/01/2018;€ 206,91;€ 0,00;9;0;€ 22,99;€ 0,00;107;71;63%;7
23/01/2018;€ 174,93;€ 0,00;6;0;€ 24,99;€ 0,00;65;41;69%;7
24/01/2018;€ 91,96;€ 0,00;4;0;€ 22,99;€ 0,00;48;40;65%;6
25/01/2018;€ 98,96;€ 29,99;4;1;€ 24,74;€ 29,99;81;60;62%;6
26/01/2018;€ 68,97;€ 0,00;3;0;€ 22,99;€ 0,00;81;60;53%;6
27/01/2018;€ 183,92;€ 0,00;8;0;€ 22,99;€ 0,00;52;44;54%;6
28/01/2018;€ 98,96;€ 0,00;4;0;€ 24,74;€ 0,00;41;30;93%;6
29/01/2018;€ 68,97;€ 0,00;3;0;€ 22,99;€ 0,00;64;42;100%;6
30/01/2018;€ 22,99;€ 0,00;1;0;€ 22,99;€ 0,00;51;35;100%;6
31/01/2018;€ 68,97;€ 0,00;3;0;€ 22,99;€ 0,00;56;36;50%;6
01/02/2018;€ 22,99;€ 0,00;1;0;€ 22,99;€ 0,00;60;41;62%;6
02/02/2018;€ 137,94;€ 0,00;6;0;€ 22,99;€ 0,00;79;56;71%;6
03/02/2018;€ 91,96;€ 0,00;4;0;€ 22,99;€ 0,00;64;49;59%;6
04/02/2018;€ 91,96;€ 0,00;4;0;€ 22,99;€ 0,00;48;34;52%;6
05/02/2018;€ 0,00;€ 0,00;0;0;€ 0,00;€ 0,00;50;40;60%;6
06/02/2018;€ 0,00;€ 0,00;0;0;€ 0,00;€ 0,00;71;52;55%;6
07/02/2018;€ 65,97;€ 0,00;3;0;€ 21,99;€ 0,00;70;56;54%;6
08/02/2018;€ 21,99;€ 0,00;1;0;€ 21,99;€ 0,00;46;38;70%;6
09/02/2018;€ 153,93;€ 0,00;7;0;€ 21,99;€ 0,00;72;48;61%;4
10/02/2018;€ 95,96;€ 29,99;4;1;€ 23,99;€ 29,99;43;32;72%;6
11/02/2018;€ 175,92;€ 0,00;8;0;€ 21,99;€ 0,00;48;38;83%;6
12/02/2018;€ 0,00;€ 0,00;0;0;€ 0,00;€ 0,00;32;26;100%;5
13/02/2018;€ 21,99;€ 0,00;1;0;€ 21,99;€ 0,00;38;29;66%;5
14/02/2018;€ 22,99;€ 0,00;1;0;€ 22,99;€ 0,00;43;24;93%;5
15/02/2018;€ 68,97;€ 0,00;3;0;€ 22,99;€ 0,00;35;22;100%;5
16/02/2018;€ 52,98;€ 0,00;2;0;€ 26,49;€ 0,00;41;22;100%;4
17/02/2018;€ 0,00;€ 0,00;0;0;€ 0,00;€ 0,00;50;37;100%;4
18/02/2018;€ 67,97;€ 0,00;3;0;€ 22,66;€ 0,00;27;20;81%;4
19/02/2018;€ 68,97;€ 0,00;3;0;€ 22,99;€ 0,00;28;21;82%;4
20/02/2018;€ 219,90;€ 0,00;10;0;€ 21,99;€ 0,00;55;41;85%;4
21/02/2018;€ 107,95;€ 0,00;5;0;€ 21,59;€ 0,00;63;51;79%;3
22/02/2018;€ 83,96;€ 0,00;4;0;€ 20,99;€ 0,00;64;43;67%;3
23/02/2018;€ 125,94;€ 0,00;6;0;€ 20,99;€ 0,00;52;44;63%;2
24/02/2018;€ 188,91;€ 0,00;9;0;€ 20,99;€ 0,00;81;61;85%;2
25/02/2018;€ 269,88;€ 0,00;11;0;€ 22,49;€ 0,00;54;42;96%;2
26/02/2018;€ 167,92;€ 0,00;8;0;€ 20,99;€ 0,00;85;57;96%;2
27/02/2018;€ 293,86;€ 0,00;14;0;€ 20,99;€ 0,00;81;53;81%;2
28/02/2018;€ 209,90;€ 0,00;10;0;€ 20,99;€ 0,00;70;45;74%;2
01/03/2018;€ 251,88;€ 0,00;13;0;€ 19,38;€ 0,00;87;57;69%;2
02/03/2018;€ 252,88;€ 0,00;10;0;€ 21,07;€ 0,00;96;61;73%;2
03/03/2018;€ 210,90;€ 0,00;10;0;€ 21,09;€ 0,00;86;68;69%;7
04/03/2018;€ 311,86;€ 0,00;14;0;€ 22,28;€ 0,00;75;54;59%;7
05/03/2018;€ 263,88;€ 0,00;12;0;€ 21,99;€ 0,00;66;48;58%;7
06/03/2018;€ 285,87;€ 0,00;13;0;€ 21,99;€ 0,00;68;41;79%;7
07/03/2018;€ 131,94;€ 0,00;6;0;€ 21,99;€ 0,00;33;26;39%;7
08/03/2018;€ 87,96;€ 21,99;4;1;€ 21,99;€ 21,99;56;37;59%;7
09/03/2018;€ 285,87;€ 0,00;13;0;€ 21,99;€ 0,00;69;47;71%;7
10/03/2018;€ 197,91;€ 0,00;9;0;€ 21,99;€ 0,00;72;53;57%;7
11/03/2018;€ 161,73;€ 0,00;7;0;€ 23,10;€ 0,00;47;35;53%;7
12/03/2018;€ 183,72;€ 0,00;8;0;€ 22,96;€ 0,00;70;45;60%;7
13/03/2018;€ 241,89;€ 0,00;11;0;€ 21,99;€ 0,00;35;29;66%;7
14/03/2018;€ 43,98;€ 0,00;2;0;€ 21,99;€ 0,00;20;12;35%;7
15/03/2018;€ 0,00;€ 0,00;0;0;€ 0,00;€ 0,00;13;11;77%;7
16/03/2018;€ 65,97;€ 0,00;3;0;€ 21,99;€ 0,00;28;21;57%;7
17/03/2018;€ 87,96;€ 0,00;4;0;€ 21,99;€ 0,00;34;24;68%;7
18/03/2018;€ 95,76;€ 0,00;4;0;€ 23,94;€ 0,00;9;7;89%;7
19/03/2018;€ 65,97;€ 0,00;3;0;€ 21,99;€ 0,00;25;23;64%;7
20/03/2018;€ 87,96;€ 0,00;4;0;€ 21,99;€ 0,00;55;38;53%;7
21/03/2018;€ 131,94;€ 0,00;6;0;€ 21,99;€ 0,00;48;40;65%;7
22/03/2018;€ 175,92;€ 0,00;8;0;€ 21,99;€ 0,00;56;45;59%;7
23/03/2018;€ 313,86;€ 0,00;14;0;€ 22,42;€ 0,00;73;56;67%;7
24/03/2018;€ 323,47;€ 23,99;12;1;€ 24,88;€ 23,99;35;25;51%;7
25/03/2018;€ 155,93;€ 0,00;7;0;€ 22,28;€ 0,00;74;47;55%;7
26/03/2018;€ 263,88;€ 0,00;12;0;€ 21,99;€ 0,00;70;47;46%;7
27/03/2018;€ 213,51;€ 0,00;8;0;€ 23,72;€ 0,00;66;44;47%;7
28/03/2018;€ 161,73;€ 0,00;7;0;€ 23,10;€ 0,00;79;54;49%;7
29/03/2018;€ 271,68;€ 29,79;11;1;€ 22,64;€ 29,79;86;54;48%;6
30/03/2018;€ 47,98;€ 0,00;2;0;€ 23,99;€ 0,00;52;43;40%;5
31/03/2018;€ 353,26;€ 0,00;12;0;€ 25,23;€ 0,00;77;54;57%;5
01/04/2018;€ 143,94;€ 0,00;6;0;€ 23,99;€ 0,00;86;58;49%;4
02/04/2018;€ 143,94;€ 0,00;6;0;€ 23,99;€ 0,00;43;37;53%;4
03/04/2018;€ 290,88;€ 0,00;11;0;€ 24,24;€ 0,00;97;66;31%;6
04/04/2018;€ 224,91;€ 24,99;9;1;€ 24,99;€ 24,99;79;51;49%;7
05/04/2018;€ 279,69;€ 0,00;11;0;€ 25,43;€ 0,00;116;80;53%;7
06/04/2018;€ 479,61;€ 0,00;19;0;€ 25,24;€ 0,00;145;91;47%;7
07/04/2018;€ 554,58;€ 0,00;22;0;€ 25,21;€ 0,00;120;84;51%;5
08/04/2018;€ 474,81;€ 0,00;18;0;€ 24,99;€ 0,00;114;74;48%;4
09/04/2018;€ 199,92;€ 0,00;8;0;€ 24,99;€ 0,00;92;44;27%;4
10/04/2018;€ 449,82;€ 0,00;16;0;€ 24,99;€ 0,00;82;45;39%;4
11/04/2018;€ 274,89;€ 0,00;11;0;€ 24,99;€ 0,00;80;57;44%;4
12/04/2018;€ 149,94;€ 0,00;6;0;€ 24,99;€ 0,00;90;74;31%;4
13/04/2018;€ 199,92;€ 0,00;8;0;€ 24,99;€ 0,00;109;69;28%;4
14/04/2018;€ 224,91;€ 0,00;9;0;€ 24,99;€ 0,00;90;59;30%;4
15/04/2018;€ 149,94;€ 0,00;6;0;€ 24,99;€ 0,00;83;61;22%;3
16/04/2018;€ 124,95;€ 0,00;5;0;€ 24,99;€ 0,00;104;61;32%;3
17/04/2018;€ 224,91;€ 0,00;8;0;€ 24,99;€ 0,00;98;59;29%;3
18/04/2018;€ 49,98;€ 0,00;2;0;€ 24,99;€ 0,00;70;49;23%;3
19/04/2018;€ 124,95;€ 24,99;5;1;€ 24,99;€ 24,99;103;55;39%;3
20/04/2018;€ 224,91;€ 0,00;9;0;€ 24,99;€ 0,00;107;75;19%;2
21/04/2018;€ 74,97;€ 0,00;3;0;€ 24,99;€ 0,00;65;46;22%;2
22/04/2018;€ 99,96;€ 0,00;4;0;€ 24,99;€ 0,00;54;40;37%;2
23/04/2018;€ 24,99;€ 0,00;1;0;€ 24,99;€ 0,00;27;20;11%;2
24/04/2018;€ 24,99;€ 0,00;1;0;€ 24,99;€ 0,00;37;29;41%;2
25/04/2018;€ 74,97;€ 0,00;3;0;€ 24,99;€ 0,00;54;43;30%;2
26/04/2018;€ 24,99;€ 0,00;1;0;€ 24,99;€ 0,00;58;38;22%;2
27/04/2018;€ 124,95;€ 0,00;5;0;€ 24,99;€ 0,00;68;50;18%;2
28/04/2018;€ 74,97;€ 0,00;3;0;€ 24,99;€ 0,00;66;44;27%;2
29/04/2018;€ 49,98;€ 0,00;2;0;€ 24,99;€ 0,00;57;39;39%;2
30/04/2018;€ 49,98;€ 0,00;2;0;€ 24,99;€ 0,00;86;51;33%;2
01/05/2018;€ 49,98;€ 0,00;2;0;€ 24,99;€ 0,00;72;48;26%;2
02/05/2018;€ 124,95;€ 0,00;5;0;€ 24,99;€ 0,00;65;40;91%;1
03/05/2018;€ 199,92;€ 0,00;8;0;€ 24,99;€ 0,00;73;46;97%;1
04/05/2018;€ 174,93;€ 0,00;7;0;€ 24,99;€ 0,00;113;53;100%;1
05/05/2018;€ 149,94;€ 0,00;6;0;€ 24,99;€ 0,00;78;46;99%;1
06/05/2018;€ 99,96;€ 0,00;4;0;€ 24,99;€ 0,00;107;49;97%;1
07/05/2018;€ 49,98;€ 0,00;2;0;€ 24,99;€ 0,00;66;39;100%;1
08/05/2018;€ 99,96;€ 0,00;3;0;€ 24,99;€ 0,00;76;44;100%;1
09/05/2018;€ 74,97;€ 0,00;3;0;€ 24,99;€ 0,00;33;27;85%;0
10/05/2018;€ 0,00;€ 0,00;0;0;€ 0,00;€ 0,00;0;0;0%;0
11/05/2018;€ 0,00;€ 0,00;0;0;€ 0,00;€ 0,00;0;0;0%;0
12/05/2018;€ 49,98;€ 0,00;2;0;€ 24,99;€ 0,00;24;20;42%;1
13/05/2018;€ 74,97;€ 0,00;3;0;€ 24,99;€ 0,00;48;33;100%;1
14/05/2018;€ 224,91;€ 0,00;9;0;€ 24,99;€ 0,00;76;35;96%;1
15/05/2018;€ 126,95;€ 0,00;5;0;€ 25,39;€ 0,00;89;48;35%;4
16/05/2018;€ 249,90;€ 0,00;10;0;€ 24,99;€ 0,00;116;72;46%;3
17/05/2018;€ 224,91;€ 0,00;9;0;€ 24,99;€ 0,00;74;47;55%;3
18/05/2018;€ 149,94;€ 0,00;6;0;€ 24,99;€ 0,00;97;63;53%;4
19/05/2018;€ 174,93;€ 0,00;7;0;€ 24,99;€ 0,00;47;36;81%;0
20/05/2018;€ 0,00;€ 0,00;0;0;€ 0,00;€ 0,00;0;0;0%;0
21/05/2018;€ 0,00;€ 0,00;0;0;€ 0,00;€ 0,00;3;2;33%;1
22/05/2018;€ 24,99;€ 0,00;1;0;€ 24,99;€ 0,00;2;2;50%;0
23/05/2018;€ 0,00;€ 0,00;0;0;€ 0,00;€ 0,00;1;1;100%;1
24/05/2018;€ 49,98;€ 0,00;2;0;€ 24,99;€ 0,00;21;14;86%;0
25/05/2018; € 24,99 ;€ 0,00;1;0;€ 24,99;€ 0,00;22;12;86%;0
26/05/2018;166,38 €;0,00 €;8;0;21,24 €;21,24 €;240;157;50%;6
27/05/2018;141,55 €;0,00 €;7;0;21,24 €;21,24 €;132;65;100%;6
28/05/2018;58,43 €;0,00 €;3;0;21,24 €;21,24 €;87;57;48%;6
29/05/2018;116,90 €;0,00 €;6;0;21,24 €;21,24 €;86;47;100%;6
30/05/2018;77,66 €;0,00 €;4;0;21,24 €;21,24 €;89;55;66%;6
31/05/2018;123,40 €;0,00 €;6;0;21,24 €;21,24 €;99;59;100%;6
01/06/2018;78,29 €;63,72 €;4;3;21,24 €;21,24 €;59;37;100%;5
02/06/2018;128,58 €;0,00 €;6;0;21,24 €;21,24 €;111;78;78%;6
03/06/2018;141,90 €;0,00 €;7;0;21,24 €;21,24 €;93;48;100%;6
04/06/2018;37,20 €;0,00 €;2;0;21,24 €;21,24 €;65;41;43%;6
05/06/2018;46,36 €;0,00 €;2;0;21,24 €;21,24 €;51;25;87%;6
06/06/2018;81,71 €;0,00 €;4;0;21,24 €;21,24 €;48;33;100%;6
07/06/2018;75,58 €;0,00 €;4;0;21,24 €;21,24 €;67;36;100%;6
08/06/2018;70,21 €;0,00 €;3;0;21,24 €;21,24 €;64;25;100%;6
09/06/2018;94,47 €;0,00 €;4;0;21,24 €;21,24 €;106;78;57%;6
10/06/2018;139,62 €;0,00 €;7;0;21,24 €;21,24 €;122;76;86%;6
11/06/2018;40,26 €;0,00 €;2;0;21,24 €;21,24 €;67;27;71%;5
12/06/2018;37,12 €;0,00 €;2;0;21,24 €;21,24 €;61;41;43%;6
13/06/2018;36,59 €;0,00 €;2;0;21,24 €;21,24 €;48;25;70%;6
14/06/2018;42,28 €;0,00 €;2;0;21,24 €;21,24 €;51;33;60%;6
15/06/2018;51,52 €;0,00 €;2;0;21,24 €;21,24 €;55;25;97%;6
16/06/2018;127,25 €;0,00 €;6;0;21,24 €;21,24 €;98;80;75%;6
17/06/2018;123,76 €;42,48 €;6;2;21,24 €;21,24 €;113;64;91%;6
18/06/2018;47,78 €;0,00 €;2;0;21,24 €;21,24 €;66;28;81%;6
19/06/2018;83,11 €;0,00 €;4;0;21,24 €;21,24 €;58;31;100%;6
20/06/2018;67,37 €;0,00 €;3;0;21,24 €;21,24 €;66;27;100%;6
21/06/2018;56,24 €;0,00 €;3;0;21,24 €;21,24 €;51;32;82%;6
22/06/2018;80,76 €;0,00 €;4;0;21,24 €;21,24 €;60;28;100%;6
23/06/2018;122,05 €;0,00 €;6;0;21,24 €;21,24 €;103;67;86%;6
24/06/2018;92,79 €;0,00 €;4;0;21,24 €;21,24 €;88;47;92%;6
25/06/2018;60,88 €;0,00 €;3;0;21,24 €;21,24 €;64;29;98%;6
26/06/2018;69,66 €;0,00 €;3;0;21,24 €;21,24 €;49;34;96%;6
27/06/2018;45,15 €;0,00 €;2;0;21,24 €;21,24 €;65;29;72%;6
28/06/2018;42,76 €;0,00 €;2;0;21,24 €;21,24 €;64;32;63%;6
29/06/2018;81,10 €;0,00 €;4;0;21,24 €;21,24 €;58;28;100%;6
30/06/2018;94,57 €;0,00 €;4;0;21,24 €;21,24 €;95;78;57%;6
01/07/2018;57,26 €;0,00 €;3;0;19,99 €;19,99 €;46;38;76%;6
02/07/2018;39,14 €;0,00 €;2;0;19,99 €;19,99 €;31;13;100%;6
03/07/2018;34,75 €;0,00 €;2;0;19,99 €;19,99 €;23;14;100%;6
04/07/2018;22,70 €;0,00 €;1;0;19,99 €;19,99 €;28;18;62%;6
05/07/2018;33,76 €;0,00 €;2;0;19,99 €;19,99 €;32;21;81%;6
06/07/2018;17,28 €;0,00 €;1;0;19,99 €;19,99 €;27;20;43%;6
07/07/2018;36,81 €;0,00 €;2;0;19,99 €;19,99 €;44;39;47%;6
08/07/2018;38,08 €;0,00 €;2;0;19,99 €;19,99 €;61;23;83%;6
09/07/2018;28,89 €;0,00 €;1;0;19,99 €;19,99 €;25;15;97%;6
10/07/2018;24,14 €;0,00 €;1;0;19,99 €;19,99 €;32;21;58%;6
11/07/2018;17,48 €;0,00 €;1;0;19,99 €;19,99 €;25;20;45%;6
12/07/2018;18,56 €;0,00 €;1;0;19,99 €;19,99 €;27;17;53%;6
13/07/2018;39,02 €;0,00 €;2;0;19,99 €;19,99 €;25;12;100%;6
14/07/2018;47,75 €;0,00 €;2;0;19,99 €;19,99 €;62;24;100%;6
15/07/2018;58,46 €;0,00 €;3;0;19,99 €;19,99 €;50;29;100%;6
16/07/2018;30,77 €;0,00 €;2;0;19,99 €;19,99 €;25;18;86%;6
17/07/2018;35,25 €;0,00 €;2;0;19,99 €;19,99 €;23;15;100%;6
18/07/2018;26,85 €;0,00 €;1;0;19,99 €;19,99 €;32;18;75%;6
19/07/2018;25,72 €;0,00 €;1;0;19,99 €;19,99 €;27;14;89%;6
20/07/2018;26,58 €;0,00 €;1;0;19,99 €;19,99 €;25;22;62%;6
21/07/2018;42,80 €;19,99 €;2;1;19,99 €;19,99 €;54;35;62%;6
22/07/2018;56,32 €;0,00 €;3;0;19,99 €;19,99 €;62;37;76%;6
23/07/2018;25,00 €;0,00 €;1;0;19,99 €;19,99 €;26;19;67%;6
24/07/2018;32,76 €;0,00 €;2;0;19,99 €;19,99 €;32;15;100%;6
25/07/2018;37,26 €;0,00 €;2;0;19,99 €;19,99 €;23;15;100%;6
26/07/2018;36,92 €;0,00 €;2;0;19,99 €;19,99 €;23;12;100%;6
27/07/2018;33,55 €;0,00 €;2;0;19,99 €;19,99 €;31;19;87%;6
28/07/2018;57,11 €;0,00 €;3;0;19,99 €;19,99 €;61;33;88%;6
29/07/2018;36,39 €;0,00 €;2;0;19,99 €;19,99 €;44;36;51%;6
30/07/2018;20,48 €;0,00 €;1;0;19,99 €;19,99 €;23;12;86%;6
31/07/2018;17,98 €;0,00 €;1;0;19,99 €;19,99 €;28;18;50%;6
01/08/2018;27,87 €;0,00 €;1;0;19,99 €;19,99 €;29;11;100%;6
02/08/2018;26,96 €;0,00 €;1;0;19,99 €;19,99 €;32;18;75%;6
03/08/2018;31,31 €;0,00 €;2;0;19,99 €;19,99 €;28;16;97%;6
04/08/2018;37,15 €;0,00 €;2;0;19,99 €;19,99 €;50;38;48%;6
05/08/2018;65,68 €;0,00 €;3;0;19,99 €;19,99 €;45;22;100%;6
06/08/2018;29,20 €;0,00 €;1;0;19,99 €;19,99 €;28;22;68%;5
07/08/2018;31,70 €;39,98 €;2;2;19,99 €;19,99 €;26;21;76%;6
08/08/2018;35,51 €;0,00 €;2;0;19,99 €;19,99 €;27;19;96%;6
09/08/2018;17,22 €;0,00 €;1;0;19,99 €;19,99 €;22;14;62%;6
10/08/2018;20,79 €;0,00 €;1;0;19,99 €;19,99 €;32;13;79%;6
11/08/2018;45,91 €;0,00 €;2;0;19,99 €;19,99 €;50;36;63%;6
12/08/2018;38,35 €;0,00 €;2;0;19,99 €;19,99 €;52;40;48%;6
13/08/2018;36,59 €;0,00 €;2;0;19,99 €;19,99 €;26;21;87%;6
14/08/2018;21,69 €;0,00 €;1;0;19,99 €;19,99 €;23;12;89%;6
15/08/2018;22,41 €;0,00 €;1;0;19,99 €;19,99 €;25;18;62%;6
16/08/2018;28,29 €;0,00 €;1;0;19,99 €;19,99 €;32;20;71%;6
17/08/2018;38,21 €;0,00 €;2;0;19,99 €;19,99 €;23;13;100%;6
18/08/2018;50,55 €;0,00 €;3;0;19,99 €;19,99 €;47;28;89%;6
19/08/2018;66,07 €;0,00 €;3;0;19,99 €;19,99 €;44;36;92%;6
20/08/2018;24,74 €;0,00 €;1;0;19,99 €;19,99 €;26;19;66%;6
21/08/2018;22,53 €;0,00 €;1;0;19,99 €;19,99 €;28;21;54%;5
22/08/2018;32,82 €;0,00 €;2;0;19,99 €;19,99 €;26;19;88%;6
23/08/2018;32,55 €;0,00 €;2;0;19,99 €;19,99 €;26;16;100%;6
24/08/2018;38,02 €;0,00 €;2;0;19,99 €;19,99 €;31;20;93%;6
25/08/2018;66,63 €;0,00 €;3;0;19,99 €;19,99 €;44;38;88%;6
26/08/2018;51,34 €;0,00 €;3;0;19,99 €;19,99 €;56;22;100%;6
27/08/2018;17,29 €;0,00 €;1;0;19,99 €;19,99 €;23;15;58%;5
28/08/2018;31,75 €;0,00 €;2;0;19,99 €;19,99 €;25;21;77%;6
29/08/2018;37,10 €;0,00 €;2;0;19,99 €;19,99 €;30;19;95%;6
30/08/2018;16,92 €;0,00 €;1;0;19,99 €;19,99 €;27;19;45%;6
31/08/2018;25,60 €;0,00 €;1;0;19,99 €;19,99 €;24;19;67%;6
01/09/2018;84,69 €;0,00 €;4;0;21,24 €;21,24 €;84;50;79%;6
02/09/2018;83,11 €;0,00 €;4;0;21,24 €;21,24 €;125;66;60%;6
03/09/2018;77,26 €;0,00 €;4;0;21,24 €;21,24 €;55;26;100%;6
04/09/2018;54,83 €;0,00 €;3;0;21,24 €;21,24 €;64;40;64%;6
05/09/2018;47,44 €;0,00 €;2;0;21,24 €;21,24 €;48;23;95%;6
06/09/2018;66,91 €;0,00 €;3;0;21,24 €;21,24 €;48;24;100%;6
07/09/2018;45,71 €;0,00 €;2;0;21,24 €;21,24 €;63;31;70%;6
08/09/2018;68,34 €;0,00 €;3;0;21,24 €;21,24 €;124;60;54%;6
09/09/2018;141,82 €;0,00 €;7;0;21,24 €;21,24 €;124;73;92%;6
10/09/2018;73,33 €;0,00 €;3;0;21,24 €;21,24 €;61;29;100%;6
11/09/2018;55,25 €;0,00 €;3;0;21,24 €;21,24 €;53;23;100%;6
12/09/2018;67,66 €;0,00 €;3;0;21,24 €;21,24 €;59;24;100%;6
13/09/2018;60,56 €;0,00 €;3;0;21,24 €;21,24 €;56;28;100%;6
14/09/2018;53,80 €;0,00 €;3;0;21,24 €;21,24 €;47;35;72%;6
15/09/2018;83,73 €;0,00 €;4;0;21,24 €;21,24 €;88;56;70%;6
16/09/2018;83,47 €;0,00 €;4;0;21,24 €;21,24 €;110;72;55%;6
17/09/2018;43,67 €;0,00 €;2;0;21,24 €;21,24 €;65;29;72%;6
18/09/2018;44,45 €;0,00 €;2;0;21,24 €;21,24 €;54;26;81%;6
19/09/2018;39,00 €;0,00 €;2;0;21,24 €;21,24 €;48;26;70%;6
20/09/2018;43,84 €;0,00 €;2;0;21,24 €;21,24 €;61;28;73%;5
21/09/2018;42,68 €;0,00 €;2;0;21,24 €;21,24 €;49;37;54%;6
22/09/2018;96,51 €;0,00 €;5;0;21,24 €;21,24 €;98;44;100%;6
23/09/2018;88,08 €;0,00 €;4;0;21,24 €;21,24 €;87;52;79%;6
24/09/2018;61,86 €;0,00 €;3;0;21,24 €;21,24 €;67;26;100%;6
25/09/2018;64,64 €;0,00 €;3;0;21,24 €;21,24 €;60;34;90%;5
26/09/2018;52,65 €;42,48 €;2;2;21,24 €;21,24 €;54;27;90%;6
27/09/2018;66,41 €;0,00 €;3;0;21,24 €;21,24 €;58;35;88%;5
28/09/2018;53,82 €;63,72 €;3;3;21,24 €;21,24 €;53;28;91%;5
29/09/2018;102,53 €;0,00 €;5;0;21,24 €;21,24 €;112;69;69%;6
30/09/2018;67,74 €;0,00 €;3;0;21,24 €;21,24 €;99;70;45%;5
01/10/2018;63,99 €;0,00 €;3;0;21,24 €;21,24 €;91;58;52%;6
02/10/2018;102,79 €;0,00 €;5;0;21,24 €;21,24 €;88;61;79%;6
03/10/2018;99,00 €;0,00 €;5;0;21,24 €;21,24 €;71;52;90%;6
04/10/2018;71,19 €;0,00 €;3;0;21,24 €;21,24 €;98;49;68%;6
05/10/2018;80,41 €;0,00 €;4;0;21,24 €;21,24 €;79;39;97%;6
06/10/2018;187,57 €;63,72 €;9;3;21,24 €;21,24 €;128;79;100%;6
07/10/2018;104,70 €;0,00 €;5;0;21,24 €;21,24 €;175;114;43%;5
08/10/2018;87,68 €;0,00 €;4;0;21,24 €;21,24 €;72;62;67%;6
09/10/2018;78,78 €;0,00 €;4;0;21,24 €;21,24 €;79;36;100%;6
10/10/2018;110,36 €;0,00 €;5;0;21,24 €;21,24 €;87;57;91%;6
11/10/2018;100,42 €;0,00 €;5;0;21,24 €;21,24 €;93;43;100%;6
12/10/2018;104,78 €;42,48 €;5;2;21,24 €;21,24 €;83;58;85%;6
13/10/2018;162,50 €;0,00 €;8;0;21,24 €;21,24 €;151;81;94%;6
14/10/2018;134,75 €;0,00 €;6;0;21,24 €;21,24 €;160;71;89%;6
15/10/2018;60,14 €;0,00 €;3;0;21,24 €;21,24 €;87;46;61%;6
16/10/2018;84,09 €;0,00 €;4;0;21,24 €;21,24 €;99;54;73%;5
17/10/2018;81,15 €;0,00 €;4;0;21,24 €;21,24 €;98;54;71%;6
18/10/2018;88,42 €;0,00 €;4;0;21,24 €;21,24 €;89;47;89%;6
19/10/2018;87,44 €;0,00 €;4;0;21,24 €;21,24 €;72;55;75%;6
20/10/2018;203,40 €;0,00 €;10;0;21,24 €;21,24 €;182;106;91%;6
21/10/2018;121,41 €;0,00 €;6;0;21,24 €;21,24 €;138;116;49%;5
22/10/2018;79,49 €;0,00 €;4;0;21,24 €;21,24 €;82;49;76%;6
23/10/2018;59,06 €;0,00 €;3;0;21,24 €;21,24 €;79;65;43%;6
24/10/2018;77,00 €;0,00 €;4;0;21,24 €;21,24 €;97;50;73%;5
25/10/2018;58,70 €;0,00 €;3;0;21,24 €;21,24 €;78;49;56%;6
26/10/2018;63,58 €;21,24 €;3;1;21,24 €;21,24 €;68;57;53%;6
27/10/2018;109,50 €;0,00 €;5;0;21,24 €;21,24 €;145;74;69%;6
28/10/2018;180,12 €;0,00 €;8;0;21,24 €;21,24 €;138;87;98%;6
29/10/2018;68,45 €;0,00 €;3;0;21,24 €;21,24 €;68;50;65%;6
30/10/2018;102,77 €;0,00 €;5;0;21,24 €;21,24 €;83;55;88%;6
31/10/2018;122,21 €;0,00 €;6;0;21,24 €;21,24 €;70;55;100%;6
01/11/2018;86,85 €;0,00 €;4;0;22,49 €;22,49 €;107;84;46%;6
02/11/2018;120,84 €;0,00 €;5;0;22,49 €;22,49 €;96;51;100%;6
03/11/2018;268,33 €;0,00 €;12;0;22,49 €;22,49 €;236;124;96%;6
04/11/2018;215,30 €;44,98 €;10;2;22,49 €;22,49 €;170;99;96%;6
05/11/2018;170,89 €;0,00 €;8;0;22,49 €;22,49 €;131;53;100%;6
06/11/2018;125,59 €;0,00 €;6;0;22,49 €;22,49 €;117;75;74%;6
07/11/2018;151,48 €;0,00 €;7;0;22,49 €;22,49 €;100;50;100%;6
08/11/2018;103,96 €;0,00 €;5;0;22,49 €;22,49 €;120;63;73%;6
09/11/2018;123,49 €;0,00 €;5;0;22,49 €;22,49 €;131;81;68%;6
10/11/2018;271,26 €;0,00 €;12;0;22,49 €;22,49 €;232;156;77%;6
11/11/2018;233,19 €;0,00 €;10;0;22,49 €;22,49 €;229;153;68%;6
12/11/2018;142,69 €;0,00 €;6;0;22,49 €;22,49 €;109;63;100%;6
13/11/2018;105,22 €;0,00 €;5;0;22,49 €;22,49 €;104;45;100%;6
14/11/2018;157,34 €;0,00 €;7;0;22,49 €;22,49 €;93;59;100%;6
15/11/2018;136,75 €;0,00 €;6;0;22,49 €;22,49 €;96;70;87%;6
16/11/2018;102,19 €;0,00 €;5;0;22,49 €;22,49 €;115;72;63%;6
17/11/2018;267,15 €;0,00 €;12;0;22,49 €;22,49 €;217;91;100%;6
18/11/2018;287,11 €;0,00 €;13;0;22,49 €;22,49 €;218;159;81%;6
19/11/2018;175,69 €;0,00 €;8;0;22,49 €;22,49 €;93;52;100%;6
20/11/2018;149,12 €;0,00 €;7;0;22,49 €;22,49 €;119;71;94%;6
21/11/2018;132,37 €;0,00 €;6;0;22,49 €;22,49 €;100;62;95%;6
22/11/2018;118,43 €;0,00 €;5;0;22,49 €;22,49 €;116;72;73%;6
23/11/2018;166,44 €;0,00 €;7;0;22,49 €;22,49 €;114;62;100%;6
24/11/2018;281,99 €;0,00 €;13;0;22,49 €;22,49 €;236;90;100%;6
25/11/2018;173,67 €;0,00 €;8;0;22,49 €;22,49 €;199;112;69%;6
26/11/2018;118,20 €;0,00 €;5;0;22,49 €;22,49 €;119;53;99%;6
27/11/2018;148,58 €;0,00 €;7;0;22,49 €;22,49 €;103;49;100%;6
28/11/2018;118,30 €;0,00 €;5;0;22,49 €;22,49 €;94;67;78%;6
29/11/2018;117,40 €;0,00 €;5;0;22,49 €;22,49 €;125;70;75%;5
30/11/2018;137,49 €;0,00 €;6;0;22,49 €;22,49 €;90;72;85%;6
01/12/2018;101,21 €;0,00 €;5;0;21,24 €;21,24 €;166;76;62%;6
02/12/2018;136,55 €;0,00 €;6;0;21,24 €;21,24 €;139;67;97%;6
03/12/2018;70,85 €;0,00 €;3;0;21,24 €;21,24 €;82;46;73%;6
04/12/2018;63,37 €;0,00 €;3;0;21,24 €;21,24 €;99;36;82%;5
05/12/2018;68,46 €;0,00 €;3;0;21,24 €;21,24 €;93;38;84%;6
06/12/2018;63,89 €;0,00 €;3;0;21,24 €;21,24 €;100;63;48%;6
07/12/2018;60,81 €;0,00 €;3;0;21,24 €;21,24 €;86;58;50%;6
08/12/2018;200,25 €;0,00 €;9;0;21,24 €;21,24 €;185;110;86%;6
09/12/2018;203,71 €;0,00 €;10;0;21,24 €;21,24 €;127;80;100%;5
10/12/2018;86,31 €;0,00 €;4;0;21,24 €;21,24 €;98;62;65%;6
11/12/2018;88,98 €;0,00 €;4;0;21,24 €;21,24 €;99;58;72%;6
12/12/2018;77,24 €;0,00 €;4;0;21,24 €;21,24 €;68;63;58%;5
13/12/2018;63,48 €;0,00 €;3;0;21,24 €;21,24 €;83;35;85%;6
14/12/2018;100,85 €;0,00 €;5;0;21,24 €;21,24 €;79;61;78%;5
15/12/2018;138,44 €;0,00 €;7;0;21,24 €;21,24 €;156;96;68%;6
16/12/2018;219,74 €;0,00 €;10;0;21,24 €;21,24 €;133;106;98%;6
17/12/2018;123,21 €;42,48 €;6;2;21,24 €;21,24 €;67;57;100%;6
18/12/2018;71,58 €;0,00 €;3;0;21,24 €;21,24 €;75;51;66%;6
19/12/2018;91,09 €;0,00 €;4;0;21,24 €;21,24 €;93;34;100%;6
20/12/2018;89,67 €;0,00 €;4;0;21,24 €;21,24 €;76;62;68%;6
21/12/2018;62,45 €;0,00 €;3;0;21,24 €;21,24 €;80;47;62%;6
22/12/2018;156,52 €;0,00 €;7;0;21,24 €;21,24 €;165;92;80%;6
23/12/2018;163,31 €;0,00 €;8;0;21,24 €;21,24 €;146;82;94%;6
24/12/2018;93,10 €;0,00 €;4;0;21,24 €;21,24 €;77;41;100%;6
25/12/2018;118,95 €;0,00 €;6;0;21,24 €;21,24 €;69;61;92%;6
26/12/2018;83,29 €;21,24 €;4;1;21,24 €;21,24 €;81;53;75%;6
27/12/2018;111,97 €;0,00 €;5;0;21,24 €;21,24 €;99;44;100%;6
28/12/2018;121,70 €;0,00 €;6;0;21,24 €;21,24 €;75;63;91%;5
29/12/2018;119,81 €;0,00 €;6;0;21,24 €;21,24 €;180;67;85%;6
30/12/2018;184,75 €;0,00 €;9;0;21,24 €;21,24 €;186;93;93%;6
31/12/2018;108,05 €;0,00 €;5;0;21,24 €;21,24 €;81;62;82%;6
01/01/2019;87,89 €;0,00 €;4;0;22,49 €;22,49 €;105;47;84%;5
02/01/2019;93,39 €;0,00 €;4;0;22,49 €;22,49 €;94;66;63%;6
03/01/2019;81,26 €;0,00 €;4;0;22,49 €;22,49 €;98;79;45%;6
04/01/2019;153,79 €;0,00 €;7;0;22,49 €;22,49 €;95;81;84%;6
05/01/2019;167,51 €;0,00 €;7;0;22,49 €;22,49 €;245;90;83%;6
06/01/2019;154,28 €;0,00 €;7;0;22,49 €;22,49 €;212;131;53%;5
07/01/2019;131,27 €;0,00 €;6;0;22,49 €;22,49 €;102;63;92%;6
08/01/2019;167,45 €;0,00 €;7;0;22,49 €;22,49 €;128;70;100%;6
09/01/2019;86,75 €;0,00 €;4;0;22,49 €;22,49 €;111;70;55%;6
10/01/2019;173,77 €;0,00 €;8;0;22,49 €;22,49 €;105;52;100%;6
11/01/2019;100,51 €;0,00 €;4;0;22,49 €;22,49 €;106;63;71%;6
12/01/2019;319,09 €;0,00 €;14;0;22,49 €;22,49 €;248;143;100%;6
13/01/2019;167,45 €;0,00 €;7;0;22,49 €;22,49 €;218;152;49%;6
14/01/2019;112,45 €;0,00 €;5;0;22,49 €;22,49 €;108;79;63%;6
15/01/2019;132,62 €;0,00 €;6;0;22,49 €;22,49 €;93;50;100%;6
16/01/2019;96,35 €;0,00 €;4;0;22,49 €;22,49 €;105;80;54%;6
17/01/2019;137,19 €;0,00 €;6;0;22,49 €;22,49 €;116;84;73%;6
18/01/2019;97,11 €;0,00 €;4;0;22,49 €;22,49 €;116;55;78%;6
19/01/2019;187,11 €;0,00 €;8;0;22,49 €;22,49 €;215;136;61%;6
20/01/2019;161,56 €;0,00 €;7;0;22,49 €;22,49 €;227;148;49%;6
21/01/2019;77,10 €;0,00 €;3;0;22,49 €;22,49 €;108;50;68%;6
22/01/2019;125,08 €;0,00 €;6;0;22,49 €;22,49 €;107;56;99%;6
23/01/2019;151,18 €;0,00 €;7;0;22,49 €;22,49 €;101;68;100%;6
24/01/2019;146,88 €;0,00 €;7;0;22,49 €;22,49 €;112;79;83%;6
25/01/2019;117,74 €;0,00 €;5;0;22,49 €;22,49 €;131;74;70%;6
26/01/2019;231,03 €;0,00 €;10;0;22,49 €;22,49 €;240;143;72%;6
27/01/2019;213,41 €;0,00 €;9;0;22,49 €;22,49 €;218;138;69%;6
28/01/2019;81,02 €;0,00 €;4;0;22,49 €;22,49 €;119;70;51%;6
29/01/2019;121,60 €;0,00 €;5;0;22,49 €;22,49 €;133;46;100%;6
30/01/2019;130,52 €;0,00 €;6;0;22,49 €;22,49 €;107;50;100%;6
31/01/2019;95,16 €;0,00 €;4;0;22,49 €;22,49 €;104;58;73%;6
01/02/2019;188,91 €;0,00 €;8;0;24,99 €;24,99 €;145;99;76%;5
02/02/2019;454,47 €;0,00 €;18;0;24,99 €;24,99 €;223;187;97%;6
03/02/2019;320,97 €;0,00 €;13;0;24,99 €;24,99 €;301;130;100%;6
04/02/2019;211,15 €;0,00 €;8;0;24,99 €;24,99 €;131;103;82%;6
05/02/2019;192,68 €;0,00 €;8;0;24,99 €;24,99 €;154;83;93%;6
06/02/2019;133,58 €;0,00 €;5;0;24,99 €;24,99 €;129;78;69%;6
07/02/2019;236,75 €;0,00 €;9;0;24,99 €;24,99 €;152;74;100%;5
08/02/2019;158,09 €;0,00 €;6;0;24,99 €;24,99 €;166;80;79%;6
09/02/2019;331,45 €;0,00 €;13;0;24,99 €;24,99 €;249;189;70%;5
10/02/2019;244,03 €;0,00 €;10;0;24,99 €;24,99 €;214;187;52%;6
11/02/2019;200,21 €;0,00 €;8;0;24,99 €;24,99 €;149;69;100%;6
12/02/2019;219,69 €;0,00 €;9;0;24,99 €;24,99 €;152;104;84%;6
13/02/2019;228,11 €;0,00 €;9;0;24,99 €;24,99 €;112;94;97%;6
14/02/2019;156,30 €;0,00 €;6;0;24,99 €;24,99 €;143;62;100%;6
15/02/2019;124,00 €;0,00 €;5;0;24,99 €;24,99 €;159;95;52%;6
16/02/2019;369,34 €;0,00 €;15;0;24,99 €;24,99 €;231;106;100%;6
17/02/2019;353,43 €;0,00 €;14;0;24,99 €;24,99 €;288;129;100%;6
18/02/2019;107,79 €;0,00 €;4;0;24,99 €;24,99 €;133;87;50%;6
19/02/2019;212,96 €;0,00 €;9;0;24,99 €;24,99 €;116;99;86%;6
20/02/2019;235,61 €;0,00 €;9;0;24,99 €;24,99 €;114;59;100%;6
21/02/2019;239,20 €;0,00 €;10;0;24,99 €;24,99 €;143;64;100%;6
22/02/2019;168,44 €;0,00 €;7;0;24,99 €;24,99 €;116;76;88%;6
23/02/2019;352,53 €;0,00 €;14;0;24,99 €;24,99 €;289;131;100%;6
24/02/2019;365,13 €;0,00 €;15;0;24,99 €;24,99 €;281;125;100%;6
25/02/2019;114,14 €;0,00 €;5;0;24,99 €;24,99 €;130;88;52%;6
26/02/2019;164,13 €;0,00 €;7;0;24,99 €;24,99 €;129;95;69%;6
27/02/2019;203,14 €;0,00 €;8;0;24,99 €;24,99 €;156;94;86%;6
28/02/2019;179,12 €;0,00 €;7;0;24,99 €;24,99 €;137;90;80%;6
01/03/2019;168,17 €;0,00 €;7;0;24,99 €;24,99 €;163;91;74%;6
02/03/2019;372,10 €;0,00 €;15;0;24,99 €;24,99 €;304;171;87%;6
03/03/2019;358,67 €;0,00 €;14;0;24,99 €;24,99 €;293;170;84%;6
04/03/2019;187,82 €;0,00 €;8;0;24,99 €;24,99 €;151;85;89%;6
05/03/2019;151,85 €;0,00 €;6;0;24,99 €;24,99 €;158;69;88%;6
06/03/2019;136,19 €;0,00 €;5;0;24,99 €;24,99 €;123;81;67%;6
07/03/2019;169,69 €;0,00 €;7;0;24,99 €;24,99 €;132;79;86%;6
08/03/2019;154,07 €;0,00 €;6;0;24,99 €;24,99 €;127;68;91%;6
09/03/2019;251,47 €;0,00 €;10;0;24,99 €;24,99 €;241;110;91%;6
10/03/2019;438,58 €;0,00 €;18;0;24,99 €;24,99 €;290;157;100%;6
11/03/2019;117,38 €;0,00 €;5;0;24,99 €;24,99 €;126;70;67%;6
12/03/2019;184,95 €;0,00 €;7;0;24,99 €;24,99 €;114;71;100%;6
13/03/2019;121,42 €;0,00 €;5;0;24,99 €;24,99 €;124;71;68%;6
14/03/2019;152,86 €;0,00 €;6;0;24,99 €;24,99 €;131;90;68%;6
15/03/2019;177,39 €;74,97 €;7;3;24,99 €;24,99 €;117;101;70%;6
16/03/2019;200,66 €;0,00 €;8;0;24,99 €;24,99 €;277;131;61%;6
17/03/2019;353,76 €;0,00 €;14;0;24,99 €;24,99 €;272;174;81%;6
18/03/2019;213,56 €;0,00 €;9;0;24,99 €;24,99 €;131;81;100%;6
19/03/2019;156,01 €;0,00 €;6;0;24,99 €;24,99 €;134;94;67%;6
20/03/2019;155,58 €;0,00 €;6;0;24,99 €;24,99 €;150;83;75%;6
21/03/2019;196,95 €;0,00 €;8;0;24,99 €;24,99 €;159;98;80%;6
22/03/2019;168,71 €;0,00 €;7;0;24,99 €;24,99 €;131;63;100%;6
23/03/2019;257,17 €;0,00 €;10;0;24,99 €;24,99 €;223;130;79%;6
24/03/2019;364,37 €;0,00 €;15;0;24,99 €;24,99 €;218;188;77%;6
25/03/2019;150,24 €;0,00 €;6;0;24,99 €;24,99 €;163;64;93%;6
26/03/2019;119,10 €;0,00 €;5;0;24,99 €;24,99 €;113;66;72%;6
27/03/2019;158,02 €;0,00 €;6;0;24,99 €;24,99 €;115;91;69%;6
28/03/2019;213,30 €;0,00 €;9;0;24,99 €;24,99 €;133;65;100%;6
29/03/2019;197,59 €;0,00 €;8;0;24,99 €;24,99 €;149;86;92%;6
30/03/2019;361,90 €;0,00 €;14;0;24,99 €;24,99 €;304;161;90%;6
31/03/2019;339,86 €;0,00 €;14;0;24,99 €;24,99 €;240;175;78%;6
01/04/2019;235,55 €;0,00 €;9;0;24,99 €;24,99 €;119;105;90%;6
02/04/2019;199,17 €;0,00 €;8;0;24,99 €;24,99 €;155;92;86%;6
03/04/2019;214,59 €;0,00 €;9;0;24,99 €;24,99 €;156;97;88%;6
04/04/2019;223,57 €;0,00 €;9;0;24,99 €;24,99 €;144;93;96%;6
05/04/2019;124,14 €;0,00 €;5;0;24,99 €;24,99 €;129;57;87%;6
06/04/2019;345,18 €;0,00 €;14;0;24,99 €;24,99 €;214;161;86%;6
07/04/2019;370,97 €;0,00 €;15;0;24,99 €;24,99 €;245;151;98%;6
08/04/2019;134,89 €;0,00 €;5;0;24,99 €;24,99 €;127;107;51%;6
09/04/2019;125,53 €;0,00 €;5;0;24,99 €;24,99 €;135;89;56%;6
10/04/2019;236,86 €;0,00 €;9;0;24,99 €;24,99 €;153;92;100%;6
11/04/2019;162,27 €;0,00 €;6;0;24,99 €;24,99 €;149;103;63%;6
12/04/2019;126,53 €;0,00 €;5;0;24,99 €;24,99 €;158;69;73%;6
13/04/2019;331,51 €;0,00 €;13;0;24,99 €;24,99 €;303;152;87%;6
14/04/2019;349,21 €;0,00 €;14;0;24,99 €;24,99 €;270;201;70%;6
15/04/2019;115,70 €;0,00 €;5;0;24,99 €;24,99 €;125;83;56%;5
16/04/2019;162,07 €;0,00 €;6;0;24,99 €;24,99 €;133;59;100%;5
17/04/2019;214,83 €;49,98 €;9;2;24,99 €;24,99 €;144;91;95%;6
18/04/2019;118,13 €;0,00 €;5;0;24,99 €;24,99 €;167;105;45%;6
19/04/2019;161,87 €;0,00 €;6;0;24,99 €;24,99 €;143;89;73%;6
20/04/2019;370,41 €;0,00 €;15;0;24,99 €;24,99 €;237;185;80%;6
21/04/2019;276,41 €;0,00 €;11;0;24,99 €;24,99 €;309;160;69%;6
22/04/2019;110,39 €;0,00 €;4;0;24,99 €;24,99 €;133;96;46%;6
23/04/2019;133,13 €;0,00 €;5;0;24,99 €;24,99 €;146;61;88%;5
24/04/2019;186,78 €;0,00 €;7;0;24,99 €;24,99 €;114;84;89%;6
25/04/2019;209,41 €;0,00 €;8;0;24,99 €;24,99 €;148;96;87%;6
26/04/2019;150,91 €;0,00 €;6;0;24,99 €;24,99 €;161;71;84%;6
27/04/2019;295,71 €;0,00 €;12;0;24,99 €;24,99 €;232;136;87%;6
28/04/2019;260,28 €;0,00 €;10;0;24,99 €;24,99 €;301;164;64%;6
29/04/2019;107,78 €;0,00 €;4;0;24,99 €;24,99 €;135;61;71%;6
30/04/2019;197,20 €;0,00 €;8;0;24,99 €;24,99 €;167;89;89%;6
01/05/2019;63,07 €;0,00 €;3;0;21,24 €;21,24 €;94;42;70%;6
02/05/2019;85,80 €;0,00 €;4;0;21,24 €;21,24 €;73;53;76%;6
03/05/2019;115,88 €;0,00 €;5;0;21,24 €;21,24 €;83;43;100%;6
04/05/2019;163,36 €;0,00 €;8;0;21,24 €;21,24 €;153;64;100%;6
05/05/2019;211,29 €;0,00 €;10;0;21,24 €;21,24 €;181;109;91%;6
06/05/2019;85,39 €;0,00 €;4;0;21,24 €;21,24 €;83;54;75%;6
07/05/2019;84,27 €;0,00 €;4;0;21,24 €;21,24 €;98;41;98%;6
08/05/2019;109,33 €;0,00 €;5;0;21,24 €;21,24 €;85;60;86%;6
09/05/2019;117,81 €;0,00 €;6;0;21,24 €;21,24 €;87;58;95%;6
10/05/2019;76,08 €;0,00 €;4;0;21,24 €;21,24 €;80;61;59%;6
11/05/2019;143,74 €;0,00 €;7;0;21,24 €;21,24 €;180;64;100%;6
12/05/2019;191,43 €;0,00 €;9;0;21,24 €;21,24 €;140;64;100%;6
13/05/2019;96,51 €;0,00 €;5;0;21,24 €;21,24 €;96;45;100%;6
14/05/2019;67,34 €;0,00 €;3;0;21,24 €;21,24 €;94;40;79%;6
15/05/2019;65,13 €;0,00 €;3;0;21,24 €;21,24 €;82;57;54%;6
16/05/2019;120,86 €;0,00 €;6;0;21,24 €;21,24 €;84;52;100%;6
17/05/2019;119,56 €;0,00 €;6;0;21,24 €;21,24 €;69;37;100%;6
18/05/2019;151,88 €;0,00 €;7;0;21,24 €;21,24 €;131;68;100%;6
19/05/2019;126,52 €;0,00 €;6;0;21,24 €;21,24 €;177;84;71%;6
20/05/2019;100,19 €;0,00 €;5;0;21,24 €;21,24 €;86;60;78%;5
21/05/2019;124,42 €;0,00 €;6;0;21,24 €;21,24 €;81;34;100%;6
22/05/2019;56,01 €;42,48 €;3;2;21,24 €;21,24 €;85;57;47%;6
23/05/2019;89,85 €;0,00 €;4;0;21,24 €;21,24 €;98;60;71%;6
24/05/2019;66,56 €;0,00 €;3;0;21,24 €;21,24 €;83;43;74%;6
25/05/2019;175,41 €;0,00 €;8;0;21,24 €;21,24 €;172;90;92%;6
26/05/2019;224,70 €;0,00 €;11;0;21,24 €;21,24 €;162;72;100%;6
27/05/2019;57,61 €;0,00 €;3;0;21,24 €;21,24 €;88;43;63%;6
28/05/2019;114,35 €;0,00 €;5;0;21,24 €;21,24 €;69;45;100%;5
29/05/2019;90,45 €;0,00 €;4;0;21,24 €;21,24 €;80;55;78%;6
30/05/2019;90,63 €;0,00 €;4;0;21,24 €;21,24 €;70;47;91%;6
31/05/2019;55,57 €;0,00 €;3;0;21,24 €;21,24 €;90;63;42%;6
01/06/2019;71,45 €;0,00 €;3;0;21,24 €;21,24 €;91;60;56%;6
02/06/2019;91,16 €;0,00 €;4;0;21,24 €;21,24 €;95;76;56%;6
03/06/2019;49,03 €;0,00 €;2;0;21,24 €;21,24 €;60;34;67%;6
04/06/2019;65,58 €;0,00 €;3;0;21,24 €;21,24 €;58;39;79%;6
05/06/2019;72,64 €;0,00 €;3;0;21,24 €;21,24 €;55;24;100%;6
06/06/2019;55,39 €;0,00 €;3;0;21,24 €;21,24 €;47;43;61%;5
07/06/2019;80,89 €;0,00 €;4;0;21,24 €;21,24 €;55;23;100%;6
08/06/2019;84,79 €;0,00 €;4;0;21,24 €;21,24 €;111;46;88%;6
09/06/2019;84,64 €;0,00 €;4;0;21,24 €;21,24 €;112;49;81%;6
10/06/2019;52,85 €;0,00 €;2;0;21,24 €;21,24 €;56;35;70%;6
11/06/2019;46,63 €;0,00 €;2;0;21,24 €;21,24 €;54;28;78%;6
12/06/2019;57,90 €;0,00 €;3;0;21,24 €;21,24 €;45;27;100%;6
13/06/2019;61,50 €;0,00 €;3;0;21,24 €;21,24 €;57;43;68%;6
14/06/2019;58,69 €;0,00 €;3;0;21,24 €;21,24 €;49;43;64%;6
15/06/2019;93,99 €;0,00 €;4;0;21,24 €;21,24 €;91;72;62%;6
16/06/2019;92,13 €;0,00 €;4;0;21,24 €;21,24 €;109;66;66%;6
17/06/2019;37,44 €;0,00 €;2;0;21,24 €;21,24 €;59;35;51%;6
18/06/2019;49,61 €;0,00 €;2;0;21,24 €;21,24 €;66;36;64%;6
19/06/2019;62,19 €;0,00 €;3;0;21,24 €;21,24 €;59;29;100%;6
20/06/2019;40,94 €;0,00 €;2;0;21,24 €;21,24 €;66;38;51%;6
21/06/2019;39,62 €;0,00 €;2;0;21,24 €;21,24 €;48;41;45%;6
22/06/2019;99,45 €;0,00 €;5;0;21,24 €;21,24 €;113;57;82%;6
23/06/2019;93,43 €;0,00 €;4;0;21,24 €;21,24 €;91;76;58%;6
24/06/2019;55,00 €;0,00 €;3;0;21,24 €;21,24 €;66;39;67%;6
25/06/2019;75,92 €;0,00 €;4;0;21,24 €;21,24 €;61;25;100%;6
26/06/2019;39,61 €;0,00 €;2;0;21,24 €;21,24 €;64;37;50%;6
27/06/2019;73,72 €;0,00 €;3;0;21,24 €;21,24 €;47;23;100%;5
28/06/2019;41,51 €;0,00 €;2;0;21,24 €;21,24 €;60;37;53%;6
29/06/2019;122,94 €;0,00 €;6;0;21,24 €;21,24 €;118;75;77%;6
30/06/2019;109,66 €;0,00 €;5;0;21,24 €;21,24 €;84;77;67%;6
01/07/2019;22,13 €;0,00 €;1;0;19,99 €;19,99 €;33;13;84%;5
02/07/2019;27,66 €;0,00 €;1;0;19,99 €;19,99 €;26;19;71%;6
03/07/2019;20,93 €;0,00 €;1;0;19,99 €;19,99 €;23;21;49%;6
04/07/2019;33,97 €;0,00 €;2;0;19,99 €;19,99 €;29;21;80%;6
05/07/2019;25,02 €;0,00 €;1;0;19,99 €;19,99 €;33;14;92%;6
06/07/2019;44,00 €;0,00 €;2;0;19,99 €;19,99 €;48;40;56%;6
07/07/2019;42,58 €;0,00 €;2;0;19,99 €;19,99 €;56;29;74%;6
08/07/2019;33,47 €;0,00 €;2;0;19,99 €;19,99 €;25;19;87%;6
09/07/2019;34,89 €;0,00 €;2;0;19,99 €;19,99 €;33;19;91%;6
10/07/2019;31,74 €;0,00 €;2;0;19,99 €;19,99 €;25;20;78%;5
11/07/2019;25,96 €;0,00 €;1;0;19,99 €;19,99 €;33;18;74%;6
12/07/2019;28,08 €;0,00 €;1;0;19,99 €;19,99 €;28;16;88%;6
13/07/2019;40,26 €;0,00 €;2;0;19,99 €;19,99 €;60;37;54%;6
14/07/2019;42,87 €;0,00 €;2;0;19,99 €;19,99 €;46;34;63%;6
15/07/2019;18,66 €;39,98 €;1;2;19,99 €;19,99 €;33;19;48%;6
16/07/2019;33,15 €;0,00 €;2;0;19,99 €;19,99 €;31;17;98%;6
17/07/2019;32,72 €;0,00 €;2;0;19,99 €;19,99 €;29;20;82%;6
18/07/2019;18,59 €;0,00 €;1;0;19,99 €;19,99 €;27;12;80%;6
19/07/2019;28,96 €;0,00 €;1;0;19,99 €;19,99 €;28;18;81%;6
20/07/2019;51,41 €;0,00 €;3;0;19,99 €;19,99 €;57;22;100%;6
21/07/2019;57,44 €;0,00 €;3;0;19,99 €;19,99 €;58;23;100%;6
22/07/2019;28,08 €;0,00 €;1;0;19,99 €;19,99 €;24;16;90%;6
23/07/2019;26,07 €;0,00 €;1;0;19,99 €;19,99 €;25;20;67%;6
24/07/2019;26,04 €;0,00 €;1;0;19,99 €;19,99 €;24;13;99%;6
25/07/2019;25,04 €;0,00 €;1;0;19,99 €;19,99 €;31;17;73%;6
26/07/2019;36,39 €;39,98 €;2;2;19,99 €;19,99 €;23;12;100%;6
27/07/2019;39,64 €;0,00 €;2;0;19,99 €;19,99 €;59;26;76%;6
28/07/2019;35,55 €;0,00 €;2;0;19,99 €;19,99 €;59;34;52%;6
29/07/2019;17,96 €;0,00 €;1;0;19,99 €;19,99 €;28;13;69%;6
30/07/2019;31,37 €;0,00 €;2;0;19,99 €;19,99 €;33;19;82%;6
31/07/2019;37,71 €;0,00 €;2;0;19,99 €;19,99 €;26;18;100%;6
01/08/2019;29,17 €;0,00 €;1;0;19,99 €;19,99 €;28;21;68%;6
02/08/2019;33,57 €;0,00 €;2;0;19,99 €;19,99 €;29;20;82%;6
03/08/2019;44,61 €;0,00 €;2;0;19,99 €;19,99 €;49;35;64%;6
04/08/2019;46,33 €;0,00 €;2;0;19,99 €;19,99 €;52;26;89%;6
05/08/2019;29,22 €;0,00 €;1;0;19,99 €;19,99 €;26;21;71%;6
06/08/2019;18,14 €;0,00 €;1;0;19,99 €;19,99 €;32;14;65%;6
07/08/2019;23,84 €;0,00 €;1;0;19,99 €;19,99 €;32;17;69%;6
08/08/2019;23,22 €;0,00 €;1;0;19,99 €;19,99 €;29;21;54%;6
09/08/2019;30,04 €;0,00 €;2;0;19,99 €;19,99 €;30;18;82%;6
10/08/2019;67,90 €;0,00 €;3;0;19,99 €;19,99 €;56;32;100%;6
11/08/2019;53,41 €;0,00 €;3;0;19,99 €;19,99 €;51;37;72%;6
12/08/2019;22,85 €;0,00 €;1;0;19,99 €;19,99 €;24;16;73%;6
13/08/2019;28,12 €;0,00 €;1;0;19,99 €;19,99 €;31;17;81%;6
14/08/2019;33,08 €;0,00 €;2;0;19,99 €;19,99 €;30;19;88%;6
15/08/2019;19,84 €;0,00 €;1;0;19,99 €;19,99 €;30;15;68%;6
16/08/2019;19,42 €;0,00 €;1;0;19,99 €;19,99 €;30;18;55%;5
17/08/2019;56,38 €;0,00 €;3;0;19,99 €;19,99 €;52;36;78%;6
18/08/2019;44,38 €;0,00 €;2;0;19,99 €;19,99 €;44;38;58%;6
19/08/2019;27,91 €;0,00 €;1;0;19,99 €;19,99 €;23;14;97%;6
20/08/2019;26,04 €;0,00 €;1;0;19,99 €;19,99 €;33;15;89%;5
21/08/2019;26,89 €;0,00 €;1;0;19,99 €;19,99 €;23;14;95%;6
22/08/2019;30,01 €;0,00 €;2;0;19,99 €;19,99 €;32;16;94%;6
23/08/2019;31,75 €;0,00 €;2;0;19,99 €;19,99 €;32;18;91%;6
24/08/2019;66,08 €;0,00 €;3;0;19,99 €;19,99 €;42;22;100%;6
25/08/2019;44,98 €;0,00 €;2;0;19,99 €;19,99 €;42;40;56%;6
26/08/2019;21,67 €;59,98 €;1;3;19,99 €;19,99 €;32;18;60%;6
27/08/2019;34,25 €;0,00 €;2;0;19,99 €;19,99 €;33;12;100%;6
28/08/2019;33,40 €;0,00 €;2;0;19,99 €;19,99 €;29;22;77%;6
29/08/2019;28,51 €;0,00 €;1;0;19,99 €;19,99 €;31;20;73%;6
30/08/2019;26,99 €;0,00 €;1;0;19,99 €;19,99 €;27;18;74%;6
31/08/2019;70,32 €;0,00 €;4;0;19,99 €;19,99 €;46;26;100%;6
01/09/2019;99,41 €;0,00 €;5;0;21,24 €;21,24 €;93;54;86%;6
02/09/2019;51,94 €;0,00 €;2;0;21,24 €;21,24 €;49;30;81%;6
03/09/2019;73,99 €;0,00 €;3;0;21,24 €;21,24 €;46;41;86%;6
04/09/2019;57,05 €;0,00 €;3;0;21,24 €;21,24 €;52;40;67%;5
05/09/2019;50,52 €;0,00 €;2;0;21,24 €;21,24 €;58;27;87%;6
06/09/2019;61,89 €;0,00 €;3;0;21,24 €;21,24 €;66;40;73%;5
07/09/2019;89,07 €;0,00 €;4;0;21,24 €;21,24 €;107;64;65%;6
08/09/2019;140,17 €;0,00 €;7;0;21,24 €;21,24 €;113;49;100%;6
09/09/2019;46,03 €;0,00 €;2;0;21,24 €;21,24 €;61;36;59%;5
10/09/2019;77,13 €;0,00 €;4;0;21,24 €;21,24 €;47;37;99%;6
11/09/2019;58,11 €;0,00 €;3;0;21,24 €;21,24 €;60;40;69%;6
12/09/2019;77,79 €;0,00 €;4;0;21,24 €;21,24 €;63;31;100%;6
13/09/2019;54,52 €;0,00 €;3;0;21,24 €;21,24 €;47;37;70%;6
14/09/2019;85,32 €;0,00 €;4;0;21,24 €;21,24 €;97;68;59%;6
15/09/2019;119,28 €;0,00 €;6;0;21,24 €;21,24 €;88;77;72%;6
16/09/2019;75,97 €;0,00 €;4;0;21,24 €;21,24 €;55;38;95%;6
17/09/2019;41,32 €;0,00 €;2;0;21,24 €;21,24 €;49;31;62%;6
18/09/2019;43,86 €;0,00 €;2;0;21,24 €;21,24 €;57;33;63%;6
19/09/2019;65,33 €;0,00 €;3;0;21,24 €;21,24 €;67;23;100%;6
20/09/2019;71,83 €;0,00 €;3;0;21,24 €;21,24 €;55;43;78%;6
21/09/2019;108,56 €;0,00 €;5;0;21,24 €;21,24 €;111;45;100%;6
22/09/2019;101,24 €;0,00 €;5;0;21,24 €;21,24 €;95;78;61%;6
23/09/2019;62,64 €;0,00 €;3;0;21,24 €;21,24 €;52;25;100%;6
24/09/2019;79,90 €;0,00 €;4;0;21,24 €;21,24 €;64;22;100%;6
25/09/2019;46,18 €;0,00 €;2;0;21,24 €;21,24 €;45;43;50%;6
26/09/2019;75,68 €;0,00 €;4;0;21,24 €;21,24 €;46;23;100%;6
27/09/2019;36,88 €;0,00 €;2;0;21,24 €;21,24 €;55;33;53%;6
28/09/2019;111,47 €;0,00 €;5;0;21,24 €;21,24 €;118;70;75%;6
29/09/2019;98,88 €;0,00 €;5;0;21,24 €;21,24 €;106;55;84%;6
30/09/2019;36,51 €;0,00 €;2;0;21,24 €;21,24 €;59;34;51%;6
01/10/2019;62,85 €;0,00 €;3;0;21,24 €;21,24 €;97;55;54%;6
02/10/2019;123,55 €;0,00 €;6;0;21,24 €;21,24 €;91;64;91%;6
03/10/2019;57,11 €;0,00 €;3;0;21,24 €;21,24 €;79;63;42%;6
04/10/2019;112,13 €;0,00 €;5;0;21,24 €;21,24 €;85;34;100%;6
05/10/2019;184,15 €;0,00 €;9;0;21,24 €;21,24 €;141;70;100%;6
06/10/2019;201,15 €;0,00 €;9;0;21,24 €;21,24 €;182;116;82%;6
07/10/2019;85,06 €;0,00 €;4;0;21,24 €;21,24 €;81;58;69%;6
08/10/2019;114,94 €;0,00 €;5;0;21,24 €;21,24 €;85;45;100%;5
09/10/2019;85,23 €;0,00 €;4;0;21,24 €;21,24 €;99;48;84%;6
10/10/2019;123,98 €;0,00 €;6;0;21,24 €;21,24 €;80;43;100%;6
11/10/2019;115,65 €;0,00 €;5;0;21,24 €;21,24 €;72;38;100%;6
12/10/2019;186,52 €;0,00 €;9;0;21,24 €;21,24 €;171;89;98%;6
13/10/2019;231,36 €;0,00 €;11;0;21,24 €;21,24 €;138;111;98%;5
14/10/2019;84,90 €;0,00 €;4;0;21,24 €;21,24 €;92;49;81%;5
15/10/2019;101,26 €;0,00 €;5;0;21,24 €;21,24 €;77;65;74%;6
16/10/2019;110,66 €;0,00 €;5;0;21,24 €;21,24 €;78;54;97%;6
17/10/2019;80,66 €;0,00 €;4;0;21,24 €;21,24 €;101;54;70%;6
18/10/2019;113,85 €;0,00 €;5;0;21,24 €;21,24 €;69;64;84%;5
19/10/2019;210,44 €;0,00 €;10;0;21,24 €;21,24 €;186;112;89%;6
20/10/2019;195,86 €;0,00 €;9;0;21,24 €;21,24 €;141;64;100%;6
21/10/2019;86,98 €;0,00 €;4;0;21,24 €;21,24 €;99;34;100%;6
22/10/2019;100,69 €;0,00 €;5;0;21,24 €;21,24 €;100;60;79%;6
23/10/2019;74,88 €;0,00 €;4;0;21,24 €;21,24 €;96;60;59%;6
24/10/2019;88,76 €;42,48 €;4;2;21,24 €;21,24 €;74;57;73%;6
25/10/2019;81,51 €;0,00 €;4;0;21,24 €;21,24 €;70;62;62%;6
26/10/2019;100,66 €;0,00 €;5;0;21,24 €;21,24 €;169;93;51%;6
27/10/2019;109,28 €;0,00 €;5;0;21,24 €;21,24 €;160;77;67%;5
28/10/2019;82,67 €;0,00 €;4;0;21,24 €;21,24 €;82;34;100%;6
29/10/2019;103,12 €;0,00 €;5;0;21,24 €;21,24 €;71;59;82%;6
30/10/2019;109,36 €;0,00 €;5;0;21,24 €;21,24 €;90;41;100%;6
31/10/2019;69,27 €;0,00 €;3;0;21,24 €;21,24 €;93;51;63%;6
01/11/2019;81,67 €;0,00 €;4;0;22,49 €;22,49 €;92;65;55%;6
02/11/2019;287,16 €;0,00 €;13;0;22,49 €;22,49 €;221;112;100%;6
03/11/2019;144,03 €;0,00 €;6;0;22,49 €;22,49 €;178;109;59%;6
04/11/2019;119,85 €;0,00 €;5;0;22,49 €;22,49 €;110;73;73%;6
05/11/2019;91,01 €;0,00 €;4;0;22,49 €;22,49 €;90;55;73%;6
06/11/2019;87,40 €;0,00 €;4;0;22,49 €;22,49 €;133;80;48%;5
07/11/2019;161,56 €;0,00 €;7;0;22,49 €;22,49 €;127;70;100%;6
08/11/2019;126,86 €;0,00 €;6;0;22,49 €;22,49 €;122;53;100%;6
09/11/2019;248,78 €;0,00 €;11;0;22,49 €;22,49 €;230;101;100%;6
10/11/2019;169,94 €;67,47 €;8;3;22,49 €;22,49 €;217;153;49%;6
11/11/2019;162,15 €;0,00 €;7;0;22,49 €;22,49 €;127;85;85%;6
12/11/2019;159,24 €;0,00 €;7;0;22,49 €;22,49 €;97;49;100%;6
13/11/2019;114,83 €;0,00 €;5;0;22,49 €;22,49 €;100;45;100%;6
14/11/2019;161,03 €;0,00 €;7;0;22,49 €;22,49 €;114;80;89%;6
15/11/2019;119,83 €;0,00 €;5;0;22,49 €;22,49 €;100;54;100%;6
16/11/2019;278,87 €;0,00 €;12;0;22,49 €;22,49 €;208;125;99%;6
17/11/2019;282,55 €;0,00 €;13;0;22,49 €;22,49 €;239;130;96%;6
18/11/2019;120,66 €;0,00 €;5;0;22,49 €;22,49 €;95;77;70%;6
19/11/2019;106,57 €;0,00 €;5;0;22,49 €;22,49 €;102;66;72%;6
20/11/2019;168,54 €;0,00 €;7;0;22,49 €;22,49 €;128;67;100%;5
21/11/2019;130,74 €;0,00 €;6;0;22,49 €;22,49 €;99;46;100%;6
22/11/2019;153,85 €;0,00 €;7;0;22,49 €;22,49 €;126;49;100%;6
23/11/2019;259,19 €;0,00 €;12;0;22,49 €;22,49 €;170;158;73%;6
24/11/2019;247,27 €;44,98 €;25;2;22,49 €;22,49 €;188;108;100%;6
25/11/2019;127,28 €;0,00 €;6;0;22,49 €;22,49 €;110;76;75%;6
26/11/2019;90,13 €;0,00 €;4;0;22,49 €;22,49 €;114;62;64%;6
27/11/2019;101,82 €;0,00 €;5;0;22,49 €;22,49 €;102;83;54%;6
28/11/2019;142,11 €;0,00 €;6;0;22,49 €;22,49 €;114;74;86%;6
29/11/2019;87,62 €;0,00 €;4;0;22,49 €;22,49 €;95;80;49%;6
30/11/2019;268,35 €;22,49 €;12;1;22,49 €;22,49 €;217;89;100%;6
01/12/2019;228,87 €;0,00 €;11;0;21,24 €;21,24 €;150;115;94%;6
02/12/2019;109,94 €;0,00 €;5;0;21,24 €;21,24 €;74;36;100%;6
03/12/2019;59,30 €;0,00 €;3;0;21,24 €;21,24 €;77;50;55%;6
04/12/2019;78,79 €;0,00 €;4;0;21,24 €;21,24 €;81;44;84%;5
05/12/2019;85,98 €;0,00 €;4;0;21,24 €;21,24 €;78;63;64%;6
06/12/2019;65,35 €;0,00 €;3;0;21,24 €;21,24 €;94;44;70%;6
07/12/2019;173,67 €;0,00 €;8;0;21,24 €;21,24 €;154;63;100%;6
08/12/2019;183,22 €;0,00 €;9;0;21,24 €;21,24 €;130;100;87%;6
09/12/2019;79,23 €;0,00 €;4;0;21,24 €;21,24 €;83;65;57%;6
10/12/2019;87,55 €;0,00 €;4;0;21,24 €;21,24 €;71;51;80%;6
11/12/2019;57,50 €;0,00 €;3;0;21,24 €;21,24 €;78;56;48%;6
12/12/2019;63,27 €;0,00 €;3;0;21,24 €;21,24 €;68;39;77%;6
13/12/2019;65,63 €;0,00 €;3;0;21,24 €;21,24 €;88;50;62%;6
14/12/2019;222,01 €;0,00 €;10;0;21,24 €;21,24 €;185;116;90%;6
15/12/2019;121,22 €;0,00 €;6;0;21,24 €;21,24 €;147;64;90%;6
16/12/2019;77,41 €;0,00 €;4;0;21,24 €;21,24 €;87;61;59%;5
17/12/2019;68,22 €;0,00 €;3;0;21,24 €;21,24 €;85;49;66%;6
18/12/2019;103,28 €;0,00 €;5;0;21,24 €;21,24 €;77;35;100%;6
19/12/2019;60,40 €;0,00 €;3;0;21,24 €;21,24 €;94;61;47%;6
20/12/2019;62,08 €;0,00 €;3;0;21,24 €;21,24 €;100;58;50%;5
21/12/2019;149,16 €;42,48 €;7;2;21,24 €;21,24 €;146;108;65%;6
22/12/2019;134,79 €;0,00 €;6;0;21,24 €;21,24 €;155;109;58%;6
23/12/2019;103,32 €;0,00 €;5;0;21,24 €;21,24 €;76;64;76%;6
24/12/2019;114,24 €;0,00 €;5;0;21,24 €;21,24 €;78;61;88%;6
25/12/2019;123,89 €;0,00 €;6;0;21,24 €;21,24 €;91;59;100%;6
26/12/2019;62,61 €;0,00 €;3;0;21,24 €;21,24 €;72;63;46%;6
27/12/2019;103,95 €;0,00 €;5;0;21,24 €;21,24 €;100;46;100%;6
28/12/2019;230,16 €;0,00 €;11;0;21,24 €;21,24 €;156;101;100%;6
29/12/2019;190,46 €;0,00 €;9;0;21,24 €;21,24 €;139;112;80%;6
30/12/2019;115,96 €;0,00 €;5;0;21,24 €;21,24 €;100;60;90%;6
31/12/2019;97,18 €;0,00 €;5;0;21,24 €;21,24 €;70;61;75%;6
01/01/2020;134,38 €;0,00 €;6;0;22,49 €;22,49 €;106;74;81%;6
02/01/2020;82,12 €;0,00 €;4;0;22,49 €;22,49 €;105;55;66%;6
03/01/2020;137,56 €;67,47 €;6;3;22,49 €;22,49 €;132;55;100%;6
04/01/2020;212,87 €;0,00 €;9;0;22,49 €;22,49 €;181;150;63%;6
05/01/2020;289,03 €;0,00 €;13;0;22,49 €;22,49 €;212;109;100%;6
06/01/2020;139,44 €;0,00 €;6;0;22,49 €;22,49 €;103;83;75%;6
07/01/2020;78,05 €;0,00 €;3;0;22,49 €;22,49 €;133;59;59%;6
08/01/2020;131,13 €;0,00 €;6;0;22,49 €;22,49 €;125;81;72%;6
09/01/2020;174,83 €;0,00 €;8;0;22,49 €;22,49 €;96;79;98%;6
10/01/2020;152,07 €;0,00 €;7;0;22,49 €;22,49 €;114;64;100%;6
11/01/2020;187,81 €;0,00 €;8;0;22,49 €;22,49 €;174;86;97%;6
12/01/2020;195,49 €;0,00 €;9;0;22,49 €;22,49 €;238;128;68%;5
13/01/2020;136,21 €;0,00 €;6;0;22,49 €;22,49 €;96;68;89%;6
14/01/2020;89,42 €;0,00 €;4;0;22,49 €;22,49 €;92;52;77%;6
15/01/2020;154,66 €;0,00 €;7;0;22,49 €;22,49 €;116;70;99%;6
16/01/2020;82,97 €;0,00 €;4;0;22,49 €;22,49 €;120;81;46%;6
17/01/2020;119,96 €;0,00 €;5;0;22,49 €;22,49 €;119;84;63%;6
18/01/2020;275,32 €;0,00 €;12;0;22,49 €;22,49 €;240;160;77%;6
19/01/2020;281,38 €;0,00 €;13;0;22,49 €;22,49 €;176;135;93%;6
20/01/2020;150,36 €;0,00 €;7;0;22,49 €;22,49 €;118;83;80%;6
21/01/2020;142,27 €;0,00 €;6;0;22,49 €;22,49 €;120;81;78%;6
22/01/2020;86,39 €;0,00 €;4;0;22,49 €;22,49 €;103;77;50%;6
23/01/2020;122,20 €;0,00 €;5;0;22,49 €;22,49 €;95;74;74%;6
24/01/2020;115,72 €;0,00 €;5;0;22,49 €;22,49 €;116;69;75%;6
25/01/2020;213,48 €;0,00 €;9;0;22,49 €;22,49 €;245;87;100%;6
26/01/2020;252,25 €;0,00 €;11;0;22,49 €;22,49 €;209;143;79%;6
27/01/2020;92,57 €;0,00 €;4;0;22,49 €;22,49 €;128;81;51%;6
28/01/2020;147,43 €;0,00 €;7;0;22,49 €;22,49 €;110;64;100%;6
29/01/2020;167,57 €;0,00 €;7;0;22,49 €;22,49 €;105;47;100%;6
30/01/2020;161,09 €;0,00 €;7;0;22,49 €;22,49 €;130;56;100%;6
31/01/2020;125,39 €;0,00 €;6;0;22,49 €;22,49 €;117;58;95%;6
01/02/2020;278,94 €;0,00 €;11;0;24,99 €;24,99 €;225;180;62%;6
02/02/2020;258,50 €;0,00 €;10;0;24,99 €;24,99 €;309;121;86%;6
03/02/2020;191,76 €;0,00 €;8;0;24,99 €;24,99 €;135;67;100%;5
04/02/2020;109,56 €;0,00 €;4;0;24,99 €;24,99 €;156;93;47%;5
05/02/2020;163,81 €;0,00 €;7;0;24,99 €;24,99 €;155;80;81%;6
06/02/2020;105,51 €;0,00 €;4;0;24,99 €;24,99 €;120;79;53%;6
07/02/2020;179,58 €;0,00 €;7;0;24,99 €;24,99 €;127;103;70%;6
08/02/2020;198,53 €;74,97 €;8;3;24,99 €;24,99 €;288;125;64%;6
09/02/2020;422,13 €;0,00 €;17;0;24,99 €;24,99 €;275;183;92%;6
10/02/2020;175,70 €;24,99 €;7;1;24,99 €;24,99 €;158;97;72%;6
11/02/2020;207,15 €;0,00 €;8;0;24,99 €;24,99 €;133;97;86%;6
12/02/2020;233,84 €;0,00 €;9;0;24,99 €;24,99 €;123;69;100%;5
13/02/2020;116,83 €;0,00 €;5;0;24,99 €;24,99 €;126;64;73%;6
14/02/2020;190,56 €;0,00 €;8;0;24,99 €;24,99 €;142;93;82%;6
15/02/2020;307,16 €;0,00 €;12;0;24,99 €;24,99 €;241;196;63%;6
16/02/2020;227,54 €;0,00 €;9;0;24,99 €;24,99 €;253;190;48%;6
17/02/2020;239,51 €;0,00 €;10;0;24,99 €;24,99 €;163;60;100%;6
18/02/2020;207,49 €;0,00 €;8;0;24,99 €;24,99 €;158;85;98%;6
19/02/2020;211,12 €;0,00 €;8;0;24,99 €;24,99 €;120;64;100%;6
20/02/2020;107,11 €;0,00 €;4;0;24,99 €;24,99 €;150;61;70%;6
21/02/2020;131,61 €;0,00 €;5;0;24,99 €;24,99 €;165;106;50%;6
22/02/2020;282,57 €;0,00 €;11;0;24,99 €;24,99 €;266;173;65%;6
23/02/2020;402,62 €;0,00 €;16;0;24,99 €;24,99 €;283;146;100%;6
24/02/2020;106,37 €;0,00 €;4;0;24,99 €;24,99 €;162;108;40%;5
25/02/2020;109,67 €;0,00 €;4;0;24,99 €;24,99 €;141;60;73%;6
26/02/2020;116,35 €;0,00 €;5;0;24,99 €;24,99 €;141;97;48%;6
27/02/2020;107,77 €;24,99 €;4;1;24,99 €;24,99 €;156;70;61%;6
28/02/2020;194,67 €;0,00 €;8;0;24,99 €;24,99 €;127;99;79%;5
29/02/2020;337,71 €;0,00 €;14;0;24,99 €;24,99 €;220;185;73%;6
01/03/2020;317,61 €;0,00 €;13;0;24,99 €;24,99 €;261;192;66%;6
02/03/2020;208,10 €;0,00 €;8;0;24,99 €;24,99 €;165;63;100%;6
03/03/2020;158,47 €;0,00 €;6;0;24,99 €;24,99 €;151;65;97%;6
04/03/2020;107,31 €;0,00 €;4;0;24,99 €;24,99 €;154;56;76%;5
05/03/2020;205,10 €;0,00 €;8;0;24,99 €;24,99 €;129;71;100%;6
06/03/2020;132,18 €;0,00 €;5;0;24,99 €;24,99 €;168;95;56%;6
07/03/2020;343,10 €;0,00 €;14;0;24,99 €;24,99 €;260;195;70%;6
08/03/2020;251,00 €;0,00 €;23;0;24,99 €;24,99 €;212;200;50%;6
09/03/2020;230,81 €;0,00 €;9;0;24,99 €;24,99 €;144;82;100%;6
10/03/2020;200,46 €;0,00 €;8;0;24,99 €;24,99 €;115;106;76%;6
11/03/2020;153,88 €;0,00 €;6;0;24,99 €;24,99 €;161;103;60%;6
12/03/2020;165,82 €;0,00 €;7;0;24,99 €;24,99 €;138;90;74%;6
13/03/2020;174,88 €;0,00 €;7;0;24,99 €;24,99 €;113;99;70%;6
14/03/2020;244,06 €;0,00 €;10;0;24,99 €;24,99 €;263;129;76%;6
15/03/2020;430,89 €;49,98 €;17;2;24,99 €;24,99 €;209;126;100%;6
16/03/2020;110,46 €;0,00 €;4;0;24,99 €;24,99 €;134;108;41%;6
17/03/2020;227,87 €;0,00 €;9;0;24,99 €;24,99 €;121;107;85%;6
18/03/2020;120,20 €;74,97 €;5;3;24,99 €;24,99 €;168;86;56%;6
19/03/2020;196,10 €;0,00 €;8;0;24,99 €;24,99 €;116;104;76%;6
20/03/2020;194,59 €;0,00 €;8;0;24,99 €;24,99 €;153;58;100%;6
21/03/2020;238,83 €;49,98 €;10;2;24,99 €;24,99 €;215;191;50%;6
22/03/2020;427,38 €;0,00 €;17;0;24,99 €;24,99 €;224;198;86%;6
23/03/2020;152,99 €;0,00 €;6;0;24,99 €;24,99 €;124;70;87%;6
24/03/2020;131,13 €;0,00 €;5;0;24,99 €;24,99 €;158;89;59%;6
25/03/2020;168,69 €;0,00 €;7;0;24,99 €;24,99 €;129;62;100%;5
26/03/2020;214,02 €;0,00 €;9;0;24,99 €;24,99 €;152;106;81%;5
27/03/2020;178,15 €;0,00 €;7;0;24,99 €;24,99 €;147;86;83%;6
28/03/2020;202,57 €;0,00 €;8;0;24,99 €;24,99 €;239;167;48%;6
29/03/2020;364,65 €;0,00 €;15;0;24,99 €;24,99 €;284;196;74%;6
30/03/2020;129,97 €;0,00 €;5;0;24,99 €;24,99 €;135;92;56%;5
31/03/2020;219,65 €;0,00 €;9;0;24,99 €;24,99 €;161;100;88%;6
01/04/2020;177,65 €;0,00 €;7;0;24,99 €;24,99 €;129;97;73%;6
02/04/2020;125,58 €;0,00 €;5;0;24,99 €;24,99 €;122;88;57%;6
03/04/2020;231,18 €;0,00 €;9;0;24,99 €;24,99 €;132;58;100%;6
04/04/2020;327,19 €;0,00 €;13;0;24,99 €;24,99 €;221;159;82%;6
05/04/2020;454,38 €;0,00 €;18;0;24,99 €;24,99 €;281;171;100%;6
06/04/2020;242,40 €;0,00 €;10;0;24,99 €;24,99 €;167;85;100%;5
07/04/2020;141,30 €;0,00 €;6;0;24,99 €;24,99 €;159;92;62%;5
08/04/2020;219,41 €;0,00 €;9;0;24,99 €;24,99 €;148;77;100%;6
09/04/2020;220,25 €;0,00 €;9;0;24,99 €;24,99 €;123;60;100%;6
10/04/2020;195,92 €;0,00 €;8;0;24,99 €;24,99 €;133;88;89%;6
11/04/2020;199,90 €;0,00 €;8;0;24,99 €;24,99 €;231;112;71%;6
12/04/2020;313,67 €;0,00 €;13;0;24,99 €;24,99 €;276;128;98%;6
13/04/2020;221,09 €;24,99 €;9;1;24,99 €;24,99 €;119;65;100%;6
14/04/2020;240,36 €;0,00 €;10;0;24,99 €;24,99 €;119;59;100%;6
15/04/2020;184,27 €;0,00 €;7;0;24,99 €;24,99 €;124;82;90%;6
16/04/2020;126,29 €;0,00 €;5;0;24,99 €;24,99 €;137;70;72%;6
17/04/2020;128,94 €;0,00 €;5;0;24,99 €;24,99 €;121;60;86%;6
18/04/2020;238,20 €;0,00 €;10;0;24,99 €;24,99 €;293;118;81%;6
19/04/2020;228,30 €;0,00 €;9;0;24,99 €;24,99 €;268;200;46%;6
20/04/2020;162,77 €;0,00 €;7;0;24,99 €;24,99 €;158;100;65%;5
21/04/2020;167,44 €;0,00 €;7;0;24,99 €;24,99 €;164;94;71%;6
22/04/2020;223,79 €;0,00 €;9;0;24,99 €;24,99 €;139;80;100%;6
23/04/2020;235,41 €;0,00 €;9;0;24,99 €;24,99 €;163;63;100%;6
24/04/2020;154,09 €;0,00 €;6;0;24,99 €;24,99 €;130;93;66%;6
25/04/2020;350,83 €;0,00 €;14;0;24,99 €;24,99 €;226;175;80%;6
26/04/2020;448,68 €;0,00 €;18;0;24,99 €;24,99 €;271;159;100%;6
27/04/2020;232,50 €;0,00 €;9;0;24,99 €;24,99 €;159;100;93%;6
28/04/2020;136,47 €;0,00 €;5;0;24,99 €;24,99 €;112;107;51%;6
29/04/2020;119,61 €;0,00 €;5;0;24,99 €;24,99 €;113;77;62%;6
30/04/2020;111,71 €;0,00 €;4;0;24,99 €;24,99 €;119;99;45%;6
01/05/2020;73,97 €;0,00 €;3;0;21,24 €;21,24 €;78;51;69%;6
02/05/2020;211,18 €;0,00 €;26;0;21,24 €;21,24 €;176;94;100%;6
03/05/2020;223,14 €;0,00 €;11;0;21,24 €;21,24 €;170;111;95%;6
04/05/2020;70,11 €;0,00 €;3;0;21,24 €;21,24 €;95;47;69%;6
05/05/2020;100,34 €;0,00 €;5;0;21,24 €;21,24 €;78;49;97%;6
06/05/2020;105,12 €;0,00 €;5;0;21,24 €;21,24 €;93;52;96%;6
07/05/2020;81,61 €;0,00 €;4;0;21,24 €;21,24 €;86;58;67%;5
08/05/2020;68,24 €;0,00 €;3;0;21,24 €;21,24 €;97;35;91%;6
09/05/2020;159,37 €;0,00 €;8;0;21,24 €;21,24 €;162;72;100%;6
10/05/2020;229,33 €;0,00 €;11;0;21,24 €;21,24 €;185;118;92%;6
11/05/2020;105,34 €;0,00 €;5;0;21,24 €;21,24 €;81;46;100%;6
12/05/2020;57,39 €;0,00 €;3;0;21,24 €;21,24 €;100;58;46%;6
13/05/2020;124,67 €;0,00 €;6;0;21,24 €;21,24 €;100;54;100%;6
14/05/2020;77,80 €;0,00 €;4;0;21,24 €;21,24 €;74;53;69%;6
15/05/2020;67,68 €;0,00 €;3;0;21,24 €;21,24 €;83;45;71%;6
16/05/2020;221,34 €;0,00 €;10;0;21,24 €;21,24 €;160;67;100%;6
17/05/2020;204,34 €;0,00 €;10;0;21,24 €;21,24 €;148;78;100%;6
18/05/2020;58,19 €;0,00 €;3;0;21,24 €;21,24 €;87;62;44%;6
19/05/2020;63,93 €;0,00 €;3;0;21,24 €;21,24 €;86;56;54%;5
20/05/2020;77,60 €;0,00 €;4;0;21,24 €;21,24 €;71;39;94%;6
21/05/2020;60,06 €;0,00 €;3;0;21,24 €;21,24 €;93;52;54%;6
22/05/2020;83,04 €;0,00 €;4;0;21,24 €;21,24 €;72;58;68%;6
23/05/2020;143,32 €;0,00 €;7;0;21,24 €;21,24 €;148;85;80%;6
24/05/2020;210,04 €;0,00 €;10;0;21,24 €;21,24 €;142;85;100%;6
25/05/2020;84,05 €;0,00 €;4;0;21,24 €;21,24 €;86;44;89%;6
26/05/2020;89,47 €;0,00 €;4;0;21,24 €;21,24 €;91;34;100%;5
27/05/2020;93,87 €;0,00 €;4;0;21,24 €;21,24 €;87;45;99%;6
